-- MySQL dump 10.13  Distrib 5.6.23, for osx10.10 (x86_64)
--
-- Host: localhost    Database: django
-- ------------------------------------------------------
-- Server version	5.6.23

/*!40101 SET @OLD_CHARACTER_SET_CLIENT=@@CHARACTER_SET_CLIENT */;
/*!40101 SET @OLD_CHARACTER_SET_RESULTS=@@CHARACTER_SET_RESULTS */;
/*!40101 SET @OLD_COLLATION_CONNECTION=@@COLLATION_CONNECTION */;
/*!40101 SET NAMES utf8 */;
/*!40103 SET @OLD_TIME_ZONE=@@TIME_ZONE */;
/*!40103 SET TIME_ZONE='+00:00' */;
/*!40014 SET @OLD_UNIQUE_CHECKS=@@UNIQUE_CHECKS, UNIQUE_CHECKS=0 */;
/*!40014 SET @OLD_FOREIGN_KEY_CHECKS=@@FOREIGN_KEY_CHECKS, FOREIGN_KEY_CHECKS=0 */;
/*!40101 SET @OLD_SQL_MODE=@@SQL_MODE, SQL_MODE='NO_AUTO_VALUE_ON_ZERO' */;
/*!40111 SET @OLD_SQL_NOTES=@@SQL_NOTES, SQL_NOTES=0 */;

--
-- Table structure for table `auth_group`
--

DROP TABLE IF EXISTS `auth_group`;
/*!40101 SET @saved_cs_client     = @@character_set_client */;
/*!40101 SET character_set_client = utf8 */;
CREATE TABLE `auth_group` (
  `id` int(11) NOT NULL AUTO_INCREMENT,
  `name` varchar(80) NOT NULL,
  PRIMARY KEY (`id`),
  UNIQUE KEY `name` (`name`)
) ENGINE=InnoDB DEFAULT CHARSET=utf8;
/*!40101 SET character_set_client = @saved_cs_client */;

--
-- Dumping data for table `auth_group`
--

LOCK TABLES `auth_group` WRITE;
/*!40000 ALTER TABLE `auth_group` DISABLE KEYS */;
/*!40000 ALTER TABLE `auth_group` ENABLE KEYS */;
UNLOCK TABLES;

--
-- Table structure for table `auth_group_permissions`
--

DROP TABLE IF EXISTS `auth_group_permissions`;
/*!40101 SET @saved_cs_client     = @@character_set_client */;
/*!40101 SET character_set_client = utf8 */;
CREATE TABLE `auth_group_permissions` (
  `id` int(11) NOT NULL AUTO_INCREMENT,
  `group_id` int(11) NOT NULL,
  `permission_id` int(11) NOT NULL,
  PRIMARY KEY (`id`),
  UNIQUE KEY `group_id` (`group_id`,`permission_id`),
  KEY `auth_group__permission_id_1f49ccbbdc69d2fc_fk_auth_permission_id` (`permission_id`),
  CONSTRAINT `auth_group__permission_id_1f49ccbbdc69d2fc_fk_auth_permission_id` FOREIGN KEY (`permission_id`) REFERENCES `auth_permission` (`id`),
  CONSTRAINT `auth_group_permission_group_id_689710a9a73b7457_fk_auth_group_id` FOREIGN KEY (`group_id`) REFERENCES `auth_group` (`id`)
) ENGINE=InnoDB DEFAULT CHARSET=utf8;
/*!40101 SET character_set_client = @saved_cs_client */;

--
-- Dumping data for table `auth_group_permissions`
--

LOCK TABLES `auth_group_permissions` WRITE;
/*!40000 ALTER TABLE `auth_group_permissions` DISABLE KEYS */;
/*!40000 ALTER TABLE `auth_group_permissions` ENABLE KEYS */;
UNLOCK TABLES;

--
-- Table structure for table `auth_permission`
--

DROP TABLE IF EXISTS `auth_permission`;
/*!40101 SET @saved_cs_client     = @@character_set_client */;
/*!40101 SET character_set_client = utf8 */;
CREATE TABLE `auth_permission` (
  `id` int(11) NOT NULL AUTO_INCREMENT,
  `name` varchar(255) DEFAULT NULL,
  `content_type_id` int(11) NOT NULL,
  `codename` varchar(100) NOT NULL,
  PRIMARY KEY (`id`),
  UNIQUE KEY `content_type_id` (`content_type_id`,`codename`),
  CONSTRAINT `auth__content_type_id_508cf46651277a81_fk_django_content_type_id` FOREIGN KEY (`content_type_id`) REFERENCES `django_content_type` (`id`)
) ENGINE=InnoDB AUTO_INCREMENT=34 DEFAULT CHARSET=utf8;
/*!40101 SET character_set_client = @saved_cs_client */;

--
-- Dumping data for table `auth_permission`
--

LOCK TABLES `auth_permission` WRITE;
/*!40000 ALTER TABLE `auth_permission` DISABLE KEYS */;
INSERT INTO `auth_permission` VALUES (1,'Can add log entry',1,'add_logentry'),(2,'Can change log entry',1,'change_logentry'),(3,'Can delete log entry',1,'delete_logentry'),(4,'Can add permission',2,'add_permission'),(5,'Can change permission',2,'change_permission'),(6,'Can delete permission',2,'delete_permission'),(7,'Can add group',3,'add_group'),(8,'Can change group',3,'change_group'),(9,'Can delete group',3,'delete_group'),(10,'Can add user',4,'add_user'),(11,'Can change user',4,'change_user'),(12,'Can delete user',4,'delete_user'),(13,'Can add content type',5,'add_contenttype'),(14,'Can change content type',5,'change_contenttype'),(15,'Can delete content type',5,'delete_contenttype'),(16,'Can add session',6,'add_session'),(17,'Can change session',6,'change_session'),(18,'Can delete session',6,'delete_session'),(19,'Can add question',7,'add_question'),(20,'Can change question',7,'change_question'),(21,'Can delete question',7,'delete_question'),(22,'Can add choice',8,'add_choice'),(23,'Can change choice',8,'change_choice'),(24,'Can delete choice',8,'delete_choice'),(25,'Can add user',9,'add_user'),(26,'Can change user',9,'change_user'),(27,'Can delete user',9,'delete_user'),(28,'Can add post',10,'add_post'),(29,'Can change post',10,'change_post'),(30,'Can delete post',10,'delete_post'),(31,'Can add user',11,'add_user'),(32,'Can change user',11,'change_user'),(33,'Can delete user',11,'delete_user');
/*!40000 ALTER TABLE `auth_permission` ENABLE KEYS */;
UNLOCK TABLES;

--
-- Table structure for table `auth_user`
--

DROP TABLE IF EXISTS `auth_user`;
/*!40101 SET @saved_cs_client     = @@character_set_client */;
/*!40101 SET character_set_client = utf8 */;
CREATE TABLE `auth_user` (
  `id` int(11) NOT NULL AUTO_INCREMENT,
  `password` varchar(128) NOT NULL,
  `last_login` datetime(6) DEFAULT NULL,
  `is_superuser` tinyint(1) NOT NULL,
  `username` varchar(30) NOT NULL,
  `first_name` varchar(30) NOT NULL,
  `last_name` varchar(30) NOT NULL,
  `email` varchar(254) DEFAULT NULL,
  `is_staff` tinyint(1) NOT NULL,
  `is_active` tinyint(1) NOT NULL,
  `date_joined` datetime(6) NOT NULL,
  PRIMARY KEY (`id`),
  UNIQUE KEY `username` (`username`)
) ENGINE=InnoDB DEFAULT CHARSET=utf8;
/*!40101 SET character_set_client = @saved_cs_client */;

--
-- Dumping data for table `auth_user`
--

LOCK TABLES `auth_user` WRITE;
/*!40000 ALTER TABLE `auth_user` DISABLE KEYS */;
/*!40000 ALTER TABLE `auth_user` ENABLE KEYS */;
UNLOCK TABLES;

--
-- Table structure for table `auth_user_groups`
--

DROP TABLE IF EXISTS `auth_user_groups`;
/*!40101 SET @saved_cs_client     = @@character_set_client */;
/*!40101 SET character_set_client = utf8 */;
CREATE TABLE `auth_user_groups` (
  `id` int(11) NOT NULL AUTO_INCREMENT,
  `user_id` int(11) NOT NULL,
  `group_id` int(11) NOT NULL,
  PRIMARY KEY (`id`),
  UNIQUE KEY `user_id` (`user_id`,`group_id`),
  KEY `auth_user_groups_group_id_33ac548dcf5f8e37_fk_auth_group_id` (`group_id`),
  CONSTRAINT `auth_user_groups_group_id_33ac548dcf5f8e37_fk_auth_group_id` FOREIGN KEY (`group_id`) REFERENCES `auth_group` (`id`),
  CONSTRAINT `auth_user_groups_user_id_4b5ed4ffdb8fd9b0_fk_auth_user_id` FOREIGN KEY (`user_id`) REFERENCES `auth_user` (`id`)
) ENGINE=InnoDB DEFAULT CHARSET=utf8;
/*!40101 SET character_set_client = @saved_cs_client */;

--
-- Dumping data for table `auth_user_groups`
--

LOCK TABLES `auth_user_groups` WRITE;
/*!40000 ALTER TABLE `auth_user_groups` DISABLE KEYS */;
/*!40000 ALTER TABLE `auth_user_groups` ENABLE KEYS */;
UNLOCK TABLES;

--
-- Table structure for table `auth_user_user_permissions`
--

DROP TABLE IF EXISTS `auth_user_user_permissions`;
/*!40101 SET @saved_cs_client     = @@character_set_client */;
/*!40101 SET character_set_client = utf8 */;
CREATE TABLE `auth_user_user_permissions` (
  `id` int(11) NOT NULL AUTO_INCREMENT,
  `user_id` int(11) NOT NULL,
  `permission_id` int(11) NOT NULL,
  PRIMARY KEY (`id`),
  UNIQUE KEY `user_id` (`user_id`,`permission_id`),
  KEY `auth_user_u_permission_id_384b62483d7071f0_fk_auth_permission_id` (`permission_id`),
  CONSTRAINT `auth_user_u_permission_id_384b62483d7071f0_fk_auth_permission_id` FOREIGN KEY (`permission_id`) REFERENCES `auth_permission` (`id`),
  CONSTRAINT `auth_user_user_permissi_user_id_7f0938558328534a_fk_auth_user_id` FOREIGN KEY (`user_id`) REFERENCES `auth_user` (`id`)
) ENGINE=InnoDB DEFAULT CHARSET=utf8;
/*!40101 SET character_set_client = @saved_cs_client */;

--
-- Dumping data for table `auth_user_user_permissions`
--

LOCK TABLES `auth_user_user_permissions` WRITE;
/*!40000 ALTER TABLE `auth_user_user_permissions` DISABLE KEYS */;
/*!40000 ALTER TABLE `auth_user_user_permissions` ENABLE KEYS */;
UNLOCK TABLES;

--
-- Table structure for table `django_admin_log`
--

DROP TABLE IF EXISTS `django_admin_log`;
/*!40101 SET @saved_cs_client     = @@character_set_client */;
/*!40101 SET character_set_client = utf8 */;
CREATE TABLE `django_admin_log` (
  `id` int(11) NOT NULL AUTO_INCREMENT,
  `action_time` datetime(6) NOT NULL,
  `object_id` longtext,
  `object_repr` varchar(200) NOT NULL,
  `action_flag` smallint(5) unsigned NOT NULL,
  `change_message` longtext NOT NULL,
  `content_type_id` int(11) DEFAULT NULL,
  `user_id` int(11) NOT NULL,
  PRIMARY KEY (`id`),
  KEY `djang_content_type_id_697914295151027a_fk_django_content_type_id` (`content_type_id`),
  KEY `django_admin_log_user_id_52fdd58701c5f563_fk_auth_user_id` (`user_id`),
  CONSTRAINT `djang_content_type_id_697914295151027a_fk_django_content_type_id` FOREIGN KEY (`content_type_id`) REFERENCES `django_content_type` (`id`),
  CONSTRAINT `django_admin_log_user_id_52fdd58701c5f563_fk_auth_user_id` FOREIGN KEY (`user_id`) REFERENCES `auth_user` (`id`)
) ENGINE=InnoDB DEFAULT CHARSET=utf8;
/*!40101 SET character_set_client = @saved_cs_client */;

--
-- Dumping data for table `django_admin_log`
--

LOCK TABLES `django_admin_log` WRITE;
/*!40000 ALTER TABLE `django_admin_log` DISABLE KEYS */;
/*!40000 ALTER TABLE `django_admin_log` ENABLE KEYS */;
UNLOCK TABLES;

--
-- Table structure for table `django_content_type`
--

DROP TABLE IF EXISTS `django_content_type`;
/*!40101 SET @saved_cs_client     = @@character_set_client */;
/*!40101 SET character_set_client = utf8 */;
CREATE TABLE `django_content_type` (
  `id` int(11) NOT NULL AUTO_INCREMENT,
  `app_label` varchar(100) NOT NULL,
  `model` varchar(100) NOT NULL,
  PRIMARY KEY (`id`),
  UNIQUE KEY `django_content_type_app_label_45f3b1d93ec8c61c_uniq` (`app_label`,`model`)
) ENGINE=InnoDB AUTO_INCREMENT=12 DEFAULT CHARSET=utf8;
/*!40101 SET character_set_client = @saved_cs_client */;

--
-- Dumping data for table `django_content_type`
--

LOCK TABLES `django_content_type` WRITE;
/*!40000 ALTER TABLE `django_content_type` DISABLE KEYS */;
INSERT INTO `django_content_type` VALUES (1,'admin','logentry'),(3,'auth','group'),(2,'auth','permission'),(4,'auth','user'),(5,'contenttypes','contenttype'),(11,'facemash','user'),(8,'polls','choice'),(7,'polls','question'),(6,'sessions','session'),(10,'social','post'),(9,'social','user');
/*!40000 ALTER TABLE `django_content_type` ENABLE KEYS */;
UNLOCK TABLES;

--
-- Table structure for table `django_migrations`
--

DROP TABLE IF EXISTS `django_migrations`;
/*!40101 SET @saved_cs_client     = @@character_set_client */;
/*!40101 SET character_set_client = utf8 */;
CREATE TABLE `django_migrations` (
  `id` int(11) NOT NULL AUTO_INCREMENT,
  `app` varchar(255) NOT NULL,
  `name` varchar(255) NOT NULL,
  `applied` datetime(6) NOT NULL,
  PRIMARY KEY (`id`)
) ENGINE=InnoDB AUTO_INCREMENT=15 DEFAULT CHARSET=utf8;
/*!40101 SET character_set_client = @saved_cs_client */;

--
-- Dumping data for table `django_migrations`
--

LOCK TABLES `django_migrations` WRITE;
/*!40000 ALTER TABLE `django_migrations` DISABLE KEYS */;
INSERT INTO `django_migrations` VALUES (1,'contenttypes','0001_initial','2015-04-02 19:24:29.251752'),(2,'auth','0001_initial','2015-04-02 19:24:29.505682'),(3,'admin','0001_initial','2015-04-02 19:24:29.561388'),(4,'contenttypes','0002_remove_content_type_name','2015-04-02 19:24:29.634838'),(5,'auth','0002_alter_permission_name_max_length','2015-04-02 19:24:29.668238'),(6,'auth','0003_alter_user_email_max_length','2015-04-02 19:24:29.696588'),(7,'auth','0004_alter_user_username_opts','2015-04-02 19:24:29.713673'),(8,'auth','0005_alter_user_last_login_null','2015-04-02 19:24:29.744325'),(9,'auth','0006_require_contenttypes_0002','2015-04-02 19:24:29.747199'),(10,'polls','0001_initial','2015-04-02 19:24:29.837953'),(11,'sessions','0001_initial','2015-04-02 19:24:29.864879'),(12,'social','0001_initial','2015-04-02 19:24:29.984189'),(13,'social','0002_post_post_kudos','2015-04-02 19:24:30.022110'),(14,'facemash','0001_initial','2015-04-02 19:37:00.529837');
/*!40000 ALTER TABLE `django_migrations` ENABLE KEYS */;
UNLOCK TABLES;

--
-- Table structure for table `django_session`
--

DROP TABLE IF EXISTS `django_session`;
/*!40101 SET @saved_cs_client     = @@character_set_client */;
/*!40101 SET character_set_client = utf8 */;
CREATE TABLE `django_session` (
  `session_key` varchar(40) NOT NULL,
  `session_data` longtext NOT NULL,
  `expire_date` datetime(6) NOT NULL,
  PRIMARY KEY (`session_key`),
  KEY `django_session_de54fa62` (`expire_date`)
) ENGINE=InnoDB DEFAULT CHARSET=utf8;
/*!40101 SET character_set_client = @saved_cs_client */;

--
-- Dumping data for table `django_session`
--

LOCK TABLES `django_session` WRITE;
/*!40000 ALTER TABLE `django_session` DISABLE KEYS */;
/*!40000 ALTER TABLE `django_session` ENABLE KEYS */;
UNLOCK TABLES;

--
-- Table structure for table `facemash_user`
--

DROP TABLE IF EXISTS `facemash_user`;
/*!40101 SET @saved_cs_client     = @@character_set_client */;
/*!40101 SET character_set_client = utf8 */;
CREATE TABLE `facemash_user` (
  `id` int(11) NOT NULL AUTO_INCREMENT,
  `user_rating` double NOT NULL,
  `user_name` varchar(100) NOT NULL,
  `user_id` bigint(20) NOT NULL,
  `user_gender` varchar(1) NOT NULL,
  `user_picture` varchar(200) NOT NULL,
  PRIMARY KEY (`id`)
) ENGINE=InnoDB AUTO_INCREMENT=1044 DEFAULT CHARSET=utf8;
/*!40101 SET character_set_client = @saved_cs_client */;

--
-- Dumping data for table `facemash_user`
--

LOCK TABLES `facemash_user` WRITE;
/*!40000 ALTER TABLE `facemash_user` DISABLE KEYS */;
INSERT INTO `facemash_user` VALUES (1,1484,'Francesca Caroppi',1410459552603161,'f','http://graph.facebook.com/1410459552603161/picture?type=large'),(2,1500,'Tommaso Isepetto',1480285152216050,'m','http://graph.facebook.com/1480285152216050/picture?type=large'),(3,1500,'Profilo Utile',1402440440072517,'u','http://graph.facebook.com/1402440440072517/picture?type=large'),(4,1500,'Nicolò Zambon',368131946728364,'m','http://graph.facebook.com/368131946728364/picture?type=large'),(5,1500,'Edoardo Morganti',745980682163973,'m','http://graph.facebook.com/745980682163973/picture?type=large'),(6,1484,'Camilla Ceola',552432954897212,'f','http://graph.facebook.com/552432954897212/picture?type=large'),(7,1500,'Emanuele Colombo',10205125803159019,'m','http://graph.facebook.com/10205125803159019/picture?type=large'),(8,1516,'Veronıca Mauceɾi',817183401659784,'f','http://graph.facebook.com/817183401659784/picture?type=large'),(9,1484,'Viola Fabbri',803413263035015,'f','http://graph.facebook.com/803413263035015/picture?type=large'),(10,1500,'Luis Espinosa',10201965990911243,'m','http://graph.facebook.com/10201965990911243/picture?type=large'),(11,1484,'Camilla Hetti',764643146977070,'f','http://graph.facebook.com/764643146977070/picture?type=large'),(12,1500,'Luca Paciletti',1419231865057407,'m','http://graph.facebook.com/1419231865057407/picture?type=large'),(13,1500,'Francesco Negri',1437910116501466,'m','http://graph.facebook.com/1437910116501466/picture?type=large'),(14,1516,'Irene Bizzozero',1537494303193378,'f','http://graph.facebook.com/1537494303193378/picture?type=large'),(15,1500,'Nicolò Perusino',306331589575112,'m','http://graph.facebook.com/306331589575112/picture?type=large'),(16,1500,'Davide Zini',453029448180063,'m','http://graph.facebook.com/453029448180063/picture?type=large'),(17,1500,'Francesco Massari',10203144829081501,'m','http://graph.facebook.com/10203144829081501/picture?type=large'),(18,1484,'Ludo Alberti',804698956284656,'f','http://graph.facebook.com/804698956284656/picture?type=large'),(19,1500,'Filippo Bonandrini',1570002769942442,'m','http://graph.facebook.com/1570002769942442/picture?type=large'),(20,1500,'Lapo Remisceg',1586642221548319,'m','http://graph.facebook.com/1586642221548319/picture?type=large'),(21,1500,'Tommaso Tajana',348938785295797,'m','http://graph.facebook.com/348938785295797/picture?type=large'),(22,1500,'Alessandro Pennacchioni',427499110729959,'m','http://graph.facebook.com/427499110729959/picture?type=large'),(23,1500,'Andrea De Luca',455860641239812,'m','http://graph.facebook.com/455860641239812/picture?type=large'),(24,1500,'Alessandro Bariè',563824117096705,'m','http://graph.facebook.com/563824117096705/picture?type=large'),(25,1516,'Bianca Lancellotti',1586788058229817,'f','http://graph.facebook.com/1586788058229817/picture?type=large'),(26,1500,'Loredan Barb',1609241569291118,'m','http://graph.facebook.com/1609241569291118/picture?type=large'),(27,1500,'Nicolò Veneziano',1563828637215376,'m','http://graph.facebook.com/1563828637215376/picture?type=large'),(28,1500,'Lorenzo Bella',1433488616944110,'m','http://graph.facebook.com/1433488616944110/picture?type=large'),(29,1516,'Giorgia Barbuiani',1525673497688304,'f','http://graph.facebook.com/1525673497688304/picture?type=large'),(30,1484,'Alessia Cirillo',379805002182782,'f','http://graph.facebook.com/379805002182782/picture?type=large'),(31,1500,'Aurora Moro',421603958003926,'f','http://graph.facebook.com/421603958003926/picture?type=large'),(32,1500,'Matteo Coppellotti',1572955889644453,'m','http://graph.facebook.com/1572955889644453/picture?type=large'),(33,1500,'Tamila Rocca',339464692876868,'f','http://graph.facebook.com/339464692876868/picture?type=large'),(34,1500,'Nicola Angelastri',729059503879310,'m','http://graph.facebook.com/729059503879310/picture?type=large'),(35,1500,'Samuele Fra',1625740927648527,'m','http://graph.facebook.com/1625740927648527/picture?type=large'),(36,1516,'Sofia Dri',546110748844068,'f','http://graph.facebook.com/546110748844068/picture?type=large'),(37,1532,'Martina Cirillo',1471403809805068,'f','http://graph.facebook.com/1471403809805068/picture?type=large'),(38,1484,'Silvia Panigo',331695876987107,'f','http://graph.facebook.com/331695876987107/picture?type=large'),(39,1484,'Sabrina Morelli',872187112840626,'f','http://graph.facebook.com/872187112840626/picture?type=large'),(40,1500,'Matteo De Donà',376471695872335,'m','http://graph.facebook.com/376471695872335/picture?type=large'),(41,1500,'Andrea Sarina',1508516952746678,'m','http://graph.facebook.com/1508516952746678/picture?type=large'),(42,1500,'Gualtiero Bellia',818664958201315,'m','http://graph.facebook.com/818664958201315/picture?type=large'),(43,1500,'Mirko Forte',1418857451745640,'m','http://graph.facebook.com/1418857451745640/picture?type=large'),(44,1516,'Alice Gervasoni',821050964643078,'f','http://graph.facebook.com/821050964643078/picture?type=large'),(45,1500,'Flux Iacs',1525067014446058,'m','http://graph.facebook.com/1525067014446058/picture?type=large'),(46,1500,'Michele Mainoli',796307290458225,'m','http://graph.facebook.com/796307290458225/picture?type=large'),(47,1500,'Alessandro Fiocca',826836597353084,'m','http://graph.facebook.com/826836597353084/picture?type=large'),(48,1484,'Sara Sinicropi',677391939037227,'f','http://graph.facebook.com/677391939037227/picture?type=large'),(49,1500,'Elena Buffo',1494090230830881,'f','http://graph.facebook.com/1494090230830881/picture?type=large'),(50,1500,'Francesco Crippa',400149733460698,'m','http://graph.facebook.com/400149733460698/picture?type=large'),(51,1500,'Mattia Curzi',840142942718205,'m','http://graph.facebook.com/840142942718205/picture?type=large'),(52,1500,'Michele Ciceri',989820811046488,'m','http://graph.facebook.com/989820811046488/picture?type=large'),(53,1500,'Andrei Ionica',748417591878274,'m','http://graph.facebook.com/748417591878274/picture?type=large'),(54,1500,'Valerio Guarrata',10203843209146762,'m','http://graph.facebook.com/10203843209146762/picture?type=large'),(55,1500,'Matteo Avoncelli',928170780533892,'m','http://graph.facebook.com/928170780533892/picture?type=large'),(56,1500,'Federico Buccellato',461558620663149,'m','http://graph.facebook.com/461558620663149/picture?type=large'),(57,1500,'Gabriel Lorenzo Negri',814541495307329,'m','http://graph.facebook.com/814541495307329/picture?type=large'),(58,1500,'Simone Antonielli',1098051740220834,'m','http://graph.facebook.com/1098051740220834/picture?type=large'),(59,1500,'Gianluca Lombardi',618749251603806,'m','http://graph.facebook.com/618749251603806/picture?type=large'),(60,1500,'Chiara Zanotti',423715621100422,'f','http://graph.facebook.com/423715621100422/picture?type=large'),(61,1500,'Alessandro Albani',351257945031903,'m','http://graph.facebook.com/351257945031903/picture?type=large'),(62,1500,'Federico Dell\'Orto',1581078092140582,'m','http://graph.facebook.com/1581078092140582/picture?type=large'),(63,1500,'Livia Albanese',720309988008088,'f','http://graph.facebook.com/720309988008088/picture?type=large'),(64,1500,'Leonardo Zavattaro',803667203020054,'m','http://graph.facebook.com/803667203020054/picture?type=large'),(65,1500,'Alessandro Pavone',10201806212347545,'m','http://graph.facebook.com/10201806212347545/picture?type=large'),(66,1500,'Annachiara Barilli',410581932453026,'f','http://graph.facebook.com/410581932453026/picture?type=large'),(67,1500,'Chiara Mari',889162371150905,'f','http://graph.facebook.com/889162371150905/picture?type=large'),(68,1500,'Claudia Camilli',858772717497407,'f','http://graph.facebook.com/858772717497407/picture?type=large'),(69,1500,'Gaia Tonello',1608295839388558,'f','http://graph.facebook.com/1608295839388558/picture?type=large'),(70,1500,'Federico Galassi',768960883158709,'m','http://graph.facebook.com/768960883158709/picture?type=large'),(71,1500,'Arianna Irene Fiorino',554205254716249,'f','http://graph.facebook.com/554205254716249/picture?type=large'),(72,1516,'Diana Diaferia',858685230843874,'f','http://graph.facebook.com/858685230843874/picture?type=large'),(73,1516,'Vittoria Costantini',408240789356054,'f','http://graph.facebook.com/408240789356054/picture?type=large'),(74,1484,'Beatrice Della Moretta',811938935554206,'f','http://graph.facebook.com/811938935554206/picture?type=large'),(75,1484,'Elisa Marconi',631576423630727,'f','http://graph.facebook.com/631576423630727/picture?type=large'),(76,1500,'Ludovico Morano',677084765747676,'m','http://graph.facebook.com/677084765747676/picture?type=large'),(77,1500,'Marco Pagliano',1600593756821798,'m','http://graph.facebook.com/1600593756821798/picture?type=large'),(78,1500,'Paola Maragno',312904418856505,'f','http://graph.facebook.com/312904418856505/picture?type=large'),(79,1516,'Alessandro Bertani',1588679368048682,'m','http://graph.facebook.com/1588679368048682/picture?type=large'),(80,1484,'Alberto Grasso',1535741876694915,'m','http://graph.facebook.com/1535741876694915/picture?type=large'),(81,1500,'Paolo Sereni',394283504058169,'m','http://graph.facebook.com/394283504058169/picture?type=large'),(82,1500,'Alessandro Corcione',491758140927359,'m','http://graph.facebook.com/491758140927359/picture?type=large'),(83,1500,'Vitto Vitto',1708990329327618,'m','http://graph.facebook.com/1708990329327618/picture?type=large'),(84,1500,'Anna Romani',432694276894519,'f','http://graph.facebook.com/432694276894519/picture?type=large'),(85,1500,'Leonardo Garibaldi',976715972362301,'m','http://graph.facebook.com/976715972362301/picture?type=large'),(86,1500,'Gabriele Foi',1584537811793624,'m','http://graph.facebook.com/1584537811793624/picture?type=large'),(87,1500,'Valentina Adamo',839837216052240,'f','http://graph.facebook.com/839837216052240/picture?type=large'),(88,1500,'Pietro Marrani',10203884306246300,'m','http://graph.facebook.com/10203884306246300/picture?type=large'),(89,1500,'Daniele Rapisarda',910613935657720,'m','http://graph.facebook.com/910613935657720/picture?type=large'),(90,1500,'Chiara Rapisarda',10203127477822934,'f','http://graph.facebook.com/10203127477822934/picture?type=large'),(91,1500,'Lorenzo Bellettati',552043314927496,'m','http://graph.facebook.com/552043314927496/picture?type=large'),(92,1500,'Carolina Canepa',886085591414836,'f','http://graph.facebook.com/886085591414836/picture?type=large'),(93,1500,'Jacopo Rinaldi',952787838082927,'m','http://graph.facebook.com/952787838082927/picture?type=large'),(94,1500,'Marco Guglielmone',638782489524705,'m','http://graph.facebook.com/638782489524705/picture?type=large'),(95,1500,'Claudia Faella',818318661558379,'f','http://graph.facebook.com/818318661558379/picture?type=large'),(96,1500,'Andrea Casarico',798216553599878,'m','http://graph.facebook.com/798216553599878/picture?type=large'),(97,1484,'Francesca Risso',10203986333197953,'f','http://graph.facebook.com/10203986333197953/picture?type=large'),(98,1500,'Filippo Benzoni',855270824546612,'m','http://graph.facebook.com/855270824546612/picture?type=large'),(99,1500,'Tommaso Brambilla',738714086178302,'m','http://graph.facebook.com/738714086178302/picture?type=large'),(100,1516,'Alice Baio',792085317537196,'f','http://graph.facebook.com/792085317537196/picture?type=large'),(101,1500,'Matteo Valerin',440672166107654,'m','http://graph.facebook.com/440672166107654/picture?type=large'),(102,1468,'Giuls Aluffi',856793984366692,'f','http://graph.facebook.com/856793984366692/picture?type=large'),(103,1500,'Tommaso Armadillo',964331160267331,'m','http://graph.facebook.com/964331160267331/picture?type=large'),(104,1532,'Mara Paolucci',1619686881586033,'f','http://graph.facebook.com/1619686881586033/picture?type=large'),(105,1500,'Fatima Conti',10204348468860391,'f','http://graph.facebook.com/10204348468860391/picture?type=large'),(106,1500,'Fabio Giulio',762409573829594,'m','http://graph.facebook.com/762409573829594/picture?type=large'),(107,1500,'Luca Mino',329237390564552,'m','http://graph.facebook.com/329237390564552/picture?type=large'),(108,1500,'Riccardo Braschi',1811999002357989,'m','http://graph.facebook.com/1811999002357989/picture?type=large'),(109,1500,'Mattia Triple Rotelli',1554918811390759,'m','http://graph.facebook.com/1554918811390759/picture?type=large'),(110,1500,'Josè Paganoni',560344940766578,'m','http://graph.facebook.com/560344940766578/picture?type=large'),(111,1500,'Matteo Leveghi',1022357104458385,'m','http://graph.facebook.com/1022357104458385/picture?type=large'),(112,1500,'Nataly Cruz',300276470182198,'f','http://graph.facebook.com/300276470182198/picture?type=large'),(113,1500,'Arianna Zoppolato',1583007741939779,'f','http://graph.facebook.com/1583007741939779/picture?type=large'),(114,1500,'Riccardo Celoria',319350981577936,'m','http://graph.facebook.com/319350981577936/picture?type=large'),(115,1500,'Tommaso Tomasina',1713676375526040,'m','http://graph.facebook.com/1713676375526040/picture?type=large'),(116,1500,'Simone D\'Alberti',450113105141713,'m','http://graph.facebook.com/450113105141713/picture?type=large'),(117,1500,'Alfredo Mauri',780845962023505,'m','http://graph.facebook.com/780845962023505/picture?type=large'),(118,1500,'Flavia Leotta',921339057917395,'f','http://graph.facebook.com/921339057917395/picture?type=large'),(119,1500,'Sofia Liberati',680455742077830,'f','http://graph.facebook.com/680455742077830/picture?type=large'),(120,1500,'Pietro Zandonella',10203900812220722,'m','http://graph.facebook.com/10203900812220722/picture?type=large'),(121,1500,'Stefano Negrini',1511324522461575,'m','http://graph.facebook.com/1511324522461575/picture?type=large'),(122,1500,'Alessandro Fantozzi',675404275920789,'m','http://graph.facebook.com/675404275920789/picture?type=large'),(123,1500,'Pietro Frinconi',10202054481911208,'m','http://graph.facebook.com/10202054481911208/picture?type=large'),(124,1500,'Valentina Trombetta',751964608244268,'f','http://graph.facebook.com/751964608244268/picture?type=large'),(125,1500,'Andrea Steiner',10205543290206167,'m','http://graph.facebook.com/10205543290206167/picture?type=large'),(126,1500,'Luca Lyon',375833829276465,'m','http://graph.facebook.com/375833829276465/picture?type=large'),(127,1500,'Luigi Tzn',10205839022162042,'m','http://graph.facebook.com/10205839022162042/picture?type=large'),(128,1500,'Alessandro Raimondo',1094032813957315,'m','http://graph.facebook.com/1094032813957315/picture?type=large'),(129,1500,'Maria Chiara Cattadori',567856166680819,'f','http://graph.facebook.com/567856166680819/picture?type=large'),(130,1500,'Maria Peschiera',645524185556953,'f','http://graph.facebook.com/645524185556953/picture?type=large'),(131,1500,'Michele Polacco',332006943653432,'m','http://graph.facebook.com/332006943653432/picture?type=large'),(132,1500,'Sofia Armadillo',613722375430697,'f','http://graph.facebook.com/613722375430697/picture?type=large'),(133,1500,'Sebastiano Isopi',1562265614049667,'m','http://graph.facebook.com/1562265614049667/picture?type=large'),(134,1500,'Angelo Meoli',1621873421378329,'m','http://graph.facebook.com/1621873421378329/picture?type=large'),(135,1500,'Mauro Patimo',718593748202787,'m','http://graph.facebook.com/718593748202787/picture?type=large'),(136,1484,'Marta Latorre',1560139844218505,'f','http://graph.facebook.com/1560139844218505/picture?type=large'),(137,1516,'Federica Prina',1553290098271598,'f','http://graph.facebook.com/1553290098271598/picture?type=large'),(138,1500,'Lorenzo Profeta',1590983237817002,'m','http://graph.facebook.com/1590983237817002/picture?type=large'),(139,1516,'Claudia Gerardi',1548029795439772,'f','http://graph.facebook.com/1548029795439772/picture?type=large'),(140,1484,'Alessia Sambruna',1664289860466749,'f','http://graph.facebook.com/1664289860466749/picture?type=large'),(141,1500,'Oscar Hoffer',1544315842449463,'m','http://graph.facebook.com/1544315842449463/picture?type=large'),(142,1516,'Anna Ognibene',1613634082183220,'f','http://graph.facebook.com/1613634082183220/picture?type=large'),(143,1500,'Edoardo Pedrazzoli',358268827712476,'m','http://graph.facebook.com/358268827712476/picture?type=large'),(144,1484,'Xirina Astudillo',606658749440334,'f','http://graph.facebook.com/606658749440334/picture?type=large'),(145,1500,'Karen Calabrese',970158346384310,'f','http://graph.facebook.com/970158346384310/picture?type=large'),(146,1500,'Sofia Gualandi',462349830596266,'f','http://graph.facebook.com/462349830596266/picture?type=large'),(147,1500,'Beatrice Tramalloni',864856676914325,'f','http://graph.facebook.com/864856676914325/picture?type=large'),(148,1500,'Yuri Verdolin',361658280663059,'m','http://graph.facebook.com/361658280663059/picture?type=large'),(149,1500,'Lorenzo Frigo',688500627901135,'m','http://graph.facebook.com/688500627901135/picture?type=large'),(150,1484,'Chiara Berardi',1572763936313243,'f','http://graph.facebook.com/1572763936313243/picture?type=large'),(151,1500,'Carlo Mondani',403953793097041,'m','http://graph.facebook.com/403953793097041/picture?type=large'),(152,1500,'Giuseppe Gangemi',10204189194683462,'m','http://graph.facebook.com/10204189194683462/picture?type=large'),(153,1500,'Francesco Pernisa',10205826676447538,'m','http://graph.facebook.com/10205826676447538/picture?type=large'),(154,1484,'Alessia Motola',1524729781109193,'f','http://graph.facebook.com/1524729781109193/picture?type=large'),(155,1516,'Miriam Maistrelli',10202451884456809,'f','http://graph.facebook.com/10202451884456809/picture?type=large'),(156,1500,'Francesco Paragó',381364998669507,'m','http://graph.facebook.com/381364998669507/picture?type=large'),(157,1500,'Tommaso Grisanti',679598952127619,'m','http://graph.facebook.com/679598952127619/picture?type=large'),(158,1516,'Giuditta Altobrando',673098182836120,'f','http://graph.facebook.com/673098182836120/picture?type=large'),(159,1500,'Tommaso Zaninelli',979594722080604,'m','http://graph.facebook.com/979594722080604/picture?type=large'),(160,1500,'Carolina Covelli',803600699698734,'f','http://graph.facebook.com/803600699698734/picture?type=large'),(161,1500,'Camilla Lo Meo',381199188724042,'f','http://graph.facebook.com/381199188724042/picture?type=large'),(162,1500,'Eleonora Cipelli',623674751110747,'f','http://graph.facebook.com/623674751110747/picture?type=large'),(163,1484,'Martina Morchio',978705192141758,'f','http://graph.facebook.com/978705192141758/picture?type=large'),(164,1500,'Luigi Dela Pasion',10206152502082077,'m','http://graph.facebook.com/10206152502082077/picture?type=large'),(165,1500,'Eugenio Panizza',10205367775107755,'m','http://graph.facebook.com/10205367775107755/picture?type=large'),(166,1516,'Michela Aversa',10205731480634803,'f','http://graph.facebook.com/10205731480634803/picture?type=large'),(167,1516,'Claudio Mozzati',1067515659941606,'m','http://graph.facebook.com/1067515659941606/picture?type=large'),(168,1484,'Fabio Arioldi',10203817790671386,'m','http://graph.facebook.com/10203817790671386/picture?type=large'),(169,1500,'Alessandro Ferrara',864190823622875,'m','http://graph.facebook.com/864190823622875/picture?type=large'),(170,1500,'Sergio Meucci',975286769148943,'m','http://graph.facebook.com/975286769148943/picture?type=large'),(171,1500,'Riccardo Sic Duke',10203774987008580,'m','http://graph.facebook.com/10203774987008580/picture?type=large'),(172,1500,'GM Gioabeser Dinson',462928650522181,'m','http://graph.facebook.com/462928650522181/picture?type=large'),(173,1500,'Andrea Vignali',882879701729240,'m','http://graph.facebook.com/882879701729240/picture?type=large'),(174,1500,'Massimiliano Fabozzi',643397185804810,'m','http://graph.facebook.com/643397185804810/picture?type=large'),(175,1500,'Daniele Nova',10206531045903092,'m','http://graph.facebook.com/10206531045903092/picture?type=large'),(176,1500,'Mauro Castellaneta',432304290277955,'m','http://graph.facebook.com/432304290277955/picture?type=large'),(177,1468,'Monica Zucchini',1801220083435579,'f','http://graph.facebook.com/1801220083435579/picture?type=large'),(178,1500,'Jacopo Minchella',921806724505060,'m','http://graph.facebook.com/921806724505060/picture?type=large'),(179,1500,'Andrea Chiesa',705921119518367,'m','http://graph.facebook.com/705921119518367/picture?type=large'),(180,1516,'Jasmine Rahma',755540597871212,'f','http://graph.facebook.com/755540597871212/picture?type=large'),(181,1500,'Francesco Decri',844278845624656,'m','http://graph.facebook.com/844278845624656/picture?type=large'),(182,1500,'Giulia Zannier',936521759711787,'f','http://graph.facebook.com/936521759711787/picture?type=large'),(183,1500,'Americo Gigante',10206766905553855,'m','http://graph.facebook.com/10206766905553855/picture?type=large'),(184,1500,'Luca Stazzone',1081536948539717,'m','http://graph.facebook.com/1081536948539717/picture?type=large'),(185,1500,'Federico Foschini',913359958674135,'m','http://graph.facebook.com/913359958674135/picture?type=large'),(186,1500,'Andrea Martin',10205562561814236,'m','http://graph.facebook.com/10205562561814236/picture?type=large'),(187,1500,'Federica Di Palmo',10203014452783195,'f','http://graph.facebook.com/10203014452783195/picture?type=large'),(188,1500,'Eleonora Buratti',777645805663935,'f','http://graph.facebook.com/777645805663935/picture?type=large'),(189,1500,'Chiara Calaminici',535106859948774,'f','http://graph.facebook.com/535106859948774/picture?type=large'),(190,1500,'Ilaria Gerbino',664024767054023,'f','http://graph.facebook.com/664024767054023/picture?type=large'),(191,1500,'Mattia Mercuri',530642180395212,'m','http://graph.facebook.com/530642180395212/picture?type=large'),(192,1500,'Sara Bestetti',10203951765622442,'f','http://graph.facebook.com/10203951765622442/picture?type=large'),(193,1500,'Andrea Vismara',404808739680059,'m','http://graph.facebook.com/404808739680059/picture?type=large'),(194,1500,'Silvia Volpe',743704962417438,'f','http://graph.facebook.com/743704962417438/picture?type=large'),(195,1500,'Fabio Cardamone',941365215877961,'m','http://graph.facebook.com/941365215877961/picture?type=large'),(196,1500,'Chiara Tosoni',1805935089631889,'f','http://graph.facebook.com/1805935089631889/picture?type=large'),(197,1500,'Marco Mazzok Mazzocchi',1019358701411528,'m','http://graph.facebook.com/1019358701411528/picture?type=large'),(198,1500,'Razvan Dogarescu',10203722932378210,'m','http://graph.facebook.com/10203722932378210/picture?type=large'),(199,1500,'Victor Cartocci',738383916280065,'m','http://graph.facebook.com/738383916280065/picture?type=large'),(200,1500,'Laura Carducci',10205633600620068,'f','http://graph.facebook.com/10205633600620068/picture?type=large'),(201,1500,'Simone Porta',595398860587400,'m','http://graph.facebook.com/595398860587400/picture?type=large'),(202,1500,'Guido Dica',813591462027904,'m','http://graph.facebook.com/813591462027904/picture?type=large'),(203,1500,'Andrea Vezzoli',638684136260092,'m','http://graph.facebook.com/638684136260092/picture?type=large'),(204,1500,'Davide Corazza',866723766712757,'m','http://graph.facebook.com/866723766712757/picture?type=large'),(205,1500,'Vanessa D\'Amico',483651258439153,'f','http://graph.facebook.com/483651258439153/picture?type=large'),(206,1500,'Matteo Pisu',913850088657178,'m','http://graph.facebook.com/913850088657178/picture?type=large'),(207,1500,'Giulio Volpari',1458565377711686,'m','http://graph.facebook.com/1458565377711686/picture?type=large'),(208,1500,'Nicola Confalonieri',802324266483801,'m','http://graph.facebook.com/802324266483801/picture?type=large'),(209,1500,'Francesco Ferri',876819775743771,'m','http://graph.facebook.com/876819775743771/picture?type=large'),(210,1500,'Luca Schiavone',721112608002566,'m','http://graph.facebook.com/721112608002566/picture?type=large'),(211,1500,'Daria AD',10205759185568392,'f','http://graph.facebook.com/10205759185568392/picture?type=large'),(212,1500,'Michele Di Massimo',10203947434432322,'m','http://graph.facebook.com/10203947434432322/picture?type=large'),(213,1500,'Lorenzo Bossini',691152300938571,'m','http://graph.facebook.com/691152300938571/picture?type=large'),(214,1500,'Dario Abruzzese',10204851586956804,'m','http://graph.facebook.com/10204851586956804/picture?type=large'),(215,1500,'Marta Tagliabue',736622123124029,'f','http://graph.facebook.com/736622123124029/picture?type=large'),(216,1500,'Matteo Occhipinti',10206367983539495,'m','http://graph.facebook.com/10206367983539495/picture?type=large'),(217,1516,'Beatrice Negrini',1559873084268453,'f','http://graph.facebook.com/1559873084268453/picture?type=large'),(218,1500,'Enrico Annoscia',852829171419845,'m','http://graph.facebook.com/852829171419845/picture?type=large'),(219,1468,'Federica Colleoni',453956841427434,'f','http://graph.facebook.com/453956841427434/picture?type=large'),(220,1500,'Giacomo Sansone',880247502042755,'m','http://graph.facebook.com/880247502042755/picture?type=large'),(221,1500,'Koda Sbatti',10152109284162127,'m','http://graph.facebook.com/10152109284162127/picture?type=large'),(222,1500,'Giovanni Senaldi',758425810908821,'m','http://graph.facebook.com/758425810908821/picture?type=large'),(223,1500,'Giacobbe Ricco',680785112007105,'m','http://graph.facebook.com/680785112007105/picture?type=large'),(224,1500,'Alessandro De Vita',337796506375397,'m','http://graph.facebook.com/337796506375397/picture?type=large'),(225,1500,'Sofia Polini',1556344627932644,'f','http://graph.facebook.com/1556344627932644/picture?type=large'),(226,1500,'Simone Agostinelli',414753198699454,'m','http://graph.facebook.com/414753198699454/picture?type=large'),(227,1500,'Luigi Mottola',638967566229911,'m','http://graph.facebook.com/638967566229911/picture?type=large'),(228,1500,'Andrea Stinchelli',10200366405159789,'m','http://graph.facebook.com/10200366405159789/picture?type=large'),(229,1500,'Alessia Ripamonti',907521079311920,'f','http://graph.facebook.com/907521079311920/picture?type=large'),(230,1500,'Alfred Freddy Church',10202990250989066,'m','http://graph.facebook.com/10202990250989066/picture?type=large'),(231,1500,'DavideSbriglio Sbriglione',10202510090133049,'m','http://graph.facebook.com/10202510090133049/picture?type=large'),(232,1516,'Ilaria E. Fiamminghi',832418153435445,'f','http://graph.facebook.com/832418153435445/picture?type=large'),(233,1516,'Larissa Della Vedova',793317244090938,'f','http://graph.facebook.com/793317244090938/picture?type=large'),(234,1500,'Greg Carli Fandialan',1030572426957140,'m','http://graph.facebook.com/1030572426957140/picture?type=large'),(235,1500,'Filippo Profumo',780424125387597,'m','http://graph.facebook.com/780424125387597/picture?type=large'),(236,1500,'Matteo Croce',843633345698049,'m','http://graph.facebook.com/843633345698049/picture?type=large'),(237,1500,'Alessandro Giuntoli',714061465373494,'m','http://graph.facebook.com/714061465373494/picture?type=large'),(238,1500,'Paolo Ausenda',855164964525370,'m','http://graph.facebook.com/855164964525370/picture?type=large'),(239,1500,'Filippo Colombo',778238825577585,'m','http://graph.facebook.com/778238825577585/picture?type=large'),(240,1500,'Filippo Peccatori',919638264722936,'m','http://graph.facebook.com/919638264722936/picture?type=large'),(241,1500,'Marco Grossi',10203712561757266,'m','http://graph.facebook.com/10203712561757266/picture?type=large'),(242,1500,'Davide Miraglia',635257823247190,'m','http://graph.facebook.com/635257823247190/picture?type=large'),(243,1484,'Caterina Bassani',1081163458566688,'f','http://graph.facebook.com/1081163458566688/picture?type=large'),(244,1500,'Luca Parolini',868372879889723,'m','http://graph.facebook.com/868372879889723/picture?type=large'),(245,1500,'Matteo Pozzoli',762145607214294,'m','http://graph.facebook.com/762145607214294/picture?type=large'),(246,1500,'Germano Gualandi',816571205075372,'m','http://graph.facebook.com/816571205075372/picture?type=large'),(247,1500,'Alessandro Muzi Falconi',10203603430182055,'m','http://graph.facebook.com/10203603430182055/picture?type=large'),(248,1500,'Alexandra Cristina Crisan',10205800488001975,'f','http://graph.facebook.com/10205800488001975/picture?type=large'),(249,1484,'Ylenia Lucchetta',678088118981149,'f','http://graph.facebook.com/678088118981149/picture?type=large'),(250,1516,'Aurora Sanzani',714556988657296,'f','http://graph.facebook.com/714556988657296/picture?type=large'),(251,1500,'Fabio Gilardi',806584636087671,'m','http://graph.facebook.com/806584636087671/picture?type=large'),(252,1500,'Camilla D\'adamo',878156292231303,'f','http://graph.facebook.com/878156292231303/picture?type=large'),(253,1500,'Jacopo Pozzi',10203628878825932,'m','http://graph.facebook.com/10203628878825932/picture?type=large'),(254,1500,'Lorenzo Aldini',10152784442343652,'m','http://graph.facebook.com/10152784442343652/picture?type=large'),(255,1500,'Luca Parolini',1057024927640889,'m','http://graph.facebook.com/1057024927640889/picture?type=large'),(256,1500,'Marco Tardivo',880627018667972,'m','http://graph.facebook.com/880627018667972/picture?type=large'),(257,1484,'Silvia Decarlini',937256686319643,'f','http://graph.facebook.com/937256686319643/picture?type=large'),(258,1500,'Manuel Tommasi',933724113325527,'m','http://graph.facebook.com/933724113325527/picture?type=large'),(259,1500,'Pietro Jr Campagna',531325117012985,'m','http://graph.facebook.com/531325117012985/picture?type=large'),(260,1500,'Federica Ribene',1610081362556246,'f','http://graph.facebook.com/1610081362556246/picture?type=large'),(261,1500,'Claudio Foà',10205369026453979,'m','http://graph.facebook.com/10205369026453979/picture?type=large'),(262,1500,'Matteo Quadrino',820083544751600,'m','http://graph.facebook.com/820083544751600/picture?type=large'),(263,1500,'Marco Pisoni',414251528734279,'m','http://graph.facebook.com/414251528734279/picture?type=large'),(264,1500,'Baschi Abdi Osman',791744470893627,'m','http://graph.facebook.com/791744470893627/picture?type=large'),(265,1500,'Beatrice Invernici',1577177329169830,'f','http://graph.facebook.com/1577177329169830/picture?type=large'),(266,1500,'Greta Terraneo',612728768871799,'f','http://graph.facebook.com/612728768871799/picture?type=large'),(267,1500,'Ana Maria Roscovanu',932570876755017,'f','http://graph.facebook.com/932570876755017/picture?type=large'),(268,1500,'Stefano Ax Magni',985518704810090,'m','http://graph.facebook.com/985518704810090/picture?type=large'),(269,1500,'Clara Mogno',526343237503952,'f','http://graph.facebook.com/526343237503952/picture?type=large'),(270,1500,'Giovanni Pogliani',10203988384285455,'m','http://graph.facebook.com/10203988384285455/picture?type=large'),(271,1532,'Marta Rosa',825617377525097,'f','http://graph.facebook.com/825617377525097/picture?type=large'),(272,1500,'Elisa Legnani',784431738341035,'f','http://graph.facebook.com/784431738341035/picture?type=large'),(273,1500,'Diana Giglio',849941681693282,'f','http://graph.facebook.com/849941681693282/picture?type=large'),(274,1500,'Chiara Gasparrini',473507459454435,'f','http://graph.facebook.com/473507459454435/picture?type=large'),(275,1500,'Diana Gambarè',861912777194504,'f','http://graph.facebook.com/861912777194504/picture?type=large'),(276,1500,'Noemi Fogli',622661294526903,'f','http://graph.facebook.com/622661294526903/picture?type=large'),(277,1500,'Cesare Filippo Salvi',962389853771900,'m','http://graph.facebook.com/962389853771900/picture?type=large'),(278,1500,'Francesca Belli',10206711427327035,'f','http://graph.facebook.com/10206711427327035/picture?type=large'),(279,1500,'Leonardo Duca',829847567102653,'m','http://graph.facebook.com/829847567102653/picture?type=large'),(280,1500,'Sara Bianchin',881669918531730,'f','http://graph.facebook.com/881669918531730/picture?type=large'),(281,1484,'Andreea Vandone',720614198061063,'f','http://graph.facebook.com/720614198061063/picture?type=large'),(282,1516,'Angela Zotta',894980877213300,'f','http://graph.facebook.com/894980877213300/picture?type=large'),(283,1484,'Teresa Bortolotti',984129218273045,'f','http://graph.facebook.com/984129218273045/picture?type=large'),(284,1532,'Martina Fargion',882132531833617,'f','http://graph.facebook.com/882132531833617/picture?type=large'),(285,1500,'Gabriele Gaffuri',678897518895241,'m','http://graph.facebook.com/678897518895241/picture?type=large'),(286,1500,'Serena Gariboldi',10205516431620821,'f','http://graph.facebook.com/10205516431620821/picture?type=large'),(287,1500,'Marina Mazzucchelli',962861377081401,'f','http://graph.facebook.com/962861377081401/picture?type=large'),(288,1500,'Oliviero Gerosa',689364081172884,'m','http://graph.facebook.com/689364081172884/picture?type=large'),(289,1500,'Martina Lambertico',1452044958400501,'f','http://graph.facebook.com/1452044958400501/picture?type=large'),(290,1500,'Sofia Corio',699613540091767,'f','http://graph.facebook.com/699613540091767/picture?type=large'),(291,1500,'Chiara Romualdi',342302512588948,'f','http://graph.facebook.com/342302512588948/picture?type=large'),(292,1500,'Martina Coldani',560991020694123,'f','http://graph.facebook.com/560991020694123/picture?type=large'),(293,1500,'Arianna Corti',804699029605749,'f','http://graph.facebook.com/804699029605749/picture?type=large'),(294,1500,'Jordan Morey',10205215602582285,'m','http://graph.facebook.com/10205215602582285/picture?type=large'),(295,1500,'Federico Bandi',10202100080058494,'m','http://graph.facebook.com/10202100080058494/picture?type=large'),(296,1500,'Katry Isidro',10204991782046582,'f','http://graph.facebook.com/10204991782046582/picture?type=large'),(297,1500,'Mirko Carminati',795493873851800,'m','http://graph.facebook.com/795493873851800/picture?type=large'),(298,1484,'Matilde Grippa',814379398631502,'f','http://graph.facebook.com/814379398631502/picture?type=large'),(299,1500,'Linda Canesi',891269714258504,'f','http://graph.facebook.com/891269714258504/picture?type=large'),(300,1500,'Ilaria Pugliese',10205282032198000,'f','http://graph.facebook.com/10205282032198000/picture?type=large'),(301,1500,'Ginevra Grancini',739399246179787,'f','http://graph.facebook.com/739399246179787/picture?type=large'),(302,1500,'Biscuttu De Morango',825148987535531,'m','http://graph.facebook.com/825148987535531/picture?type=large'),(303,1500,'Andrea Monaldini',877585125639713,'m','http://graph.facebook.com/877585125639713/picture?type=large'),(304,1500,'Elia Bonazza',807524395992789,'m','http://graph.facebook.com/807524395992789/picture?type=large'),(305,1500,'Christian Bekhit',711455272286900,'m','http://graph.facebook.com/711455272286900/picture?type=large'),(306,1500,'Igor Galimberti',10203105711872291,'m','http://graph.facebook.com/10203105711872291/picture?type=large'),(307,1500,'Eduardo Biasi',711066902312284,'m','http://graph.facebook.com/711066902312284/picture?type=large'),(308,1500,'Marco Cattaneo',958224310868731,'m','http://graph.facebook.com/958224310868731/picture?type=large'),(309,1500,'Clo Campisi',728915380525006,'f','http://graph.facebook.com/728915380525006/picture?type=large'),(310,1500,'Luca Caravello',786394894772087,'m','http://graph.facebook.com/786394894772087/picture?type=large'),(311,1500,'Stefano Fumagalli',865760173475972,'m','http://graph.facebook.com/865760173475972/picture?type=large'),(312,1500,'Alessandro Rizzi',10202912185764610,'m','http://graph.facebook.com/10202912185764610/picture?type=large'),(313,1516,'Silvia Coia',957172894293097,'f','http://graph.facebook.com/957172894293097/picture?type=large'),(314,1500,'Yashil Choony',695776650530790,'m','http://graph.facebook.com/695776650530790/picture?type=large'),(315,1500,'Gnammi Lacalamita',821260321282970,'m','http://graph.facebook.com/821260321282970/picture?type=large'),(316,1500,'Riccardo Vitali',744074669011190,'m','http://graph.facebook.com/744074669011190/picture?type=large'),(317,1500,'Lawrence Paul Cabrera',881122861944011,'m','http://graph.facebook.com/881122861944011/picture?type=large'),(318,1500,'Filippo Carbonara',684055988406875,'m','http://graph.facebook.com/684055988406875/picture?type=large'),(319,1484,'Greta Madini Moretti',779860902063228,'f','http://graph.facebook.com/779860902063228/picture?type=large'),(320,1468,'Francesca Vezzosi',836471689703917,'f','http://graph.facebook.com/836471689703917/picture?type=large'),(321,1516,'Chiara Sartirana',745486455569695,'f','http://graph.facebook.com/745486455569695/picture?type=large'),(322,1500,'Maria Vittoria Varotto',715320915243545,'f','http://graph.facebook.com/715320915243545/picture?type=large'),(323,1500,'Laura Manzo',10203892742267610,'f','http://graph.facebook.com/10203892742267610/picture?type=large'),(324,1500,'Pamela Paganini',810974112295747,'f','http://graph.facebook.com/810974112295747/picture?type=large'),(325,1516,'Erica Vitiello',736302939791355,'f','http://graph.facebook.com/736302939791355/picture?type=large'),(326,1500,'Davide Montalenti',1100753809950610,'m','http://graph.facebook.com/1100753809950610/picture?type=large'),(327,1500,'Dianne Chabelon',891701907538223,'f','http://graph.facebook.com/891701907538223/picture?type=large'),(328,1500,'Francesca Migliavacca',1031907863489364,'f','http://graph.facebook.com/1031907863489364/picture?type=large'),(329,1500,'Alessio Toma',934386086591138,'m','http://graph.facebook.com/934386086591138/picture?type=large'),(330,1500,'Alessia Corrado',797708530305963,'f','http://graph.facebook.com/797708530305963/picture?type=large'),(331,1500,'Elisa Guidotti',10204294610220871,'f','http://graph.facebook.com/10204294610220871/picture?type=large'),(332,1500,'Giulia Valra',10200229815826306,'f','http://graph.facebook.com/10200229815826306/picture?type=large'),(333,1500,'Gianluca Fraschini',690748994316090,'m','http://graph.facebook.com/690748994316090/picture?type=large'),(334,1500,'Tommaso Carbonara',671030306376121,'m','http://graph.facebook.com/671030306376121/picture?type=large'),(335,1500,'Filippo Ascherio',1569255490012019,'m','http://graph.facebook.com/1569255490012019/picture?type=large'),(336,1500,'Stefania Red',351972248335765,'f','http://graph.facebook.com/351972248335765/picture?type=large'),(337,1500,'Lorenzo Bertola',10205123326945687,'m','http://graph.facebook.com/10205123326945687/picture?type=large'),(338,1500,'Gianmaria Russo',806467166101529,'m','http://graph.facebook.com/806467166101529/picture?type=large'),(339,1484,'Giulia Ferrero',680786532048062,'f','http://graph.facebook.com/680786532048062/picture?type=large'),(340,1500,'Matteo Francesco Montaruli',671705352955837,'m','http://graph.facebook.com/671705352955837/picture?type=large'),(341,1500,'Leonardo Guido Salvi',1570084459902200,'m','http://graph.facebook.com/1570084459902200/picture?type=large'),(342,1500,'Simone Goglia',440882816052265,'m','http://graph.facebook.com/440882816052265/picture?type=large'),(343,1500,'Davide Riccio',921314371246700,'m','http://graph.facebook.com/921314371246700/picture?type=large'),(344,1500,'Michele Marzollo',879283508804717,'m','http://graph.facebook.com/879283508804717/picture?type=large'),(345,1500,'Camilla A. Riccardi',10202827647159165,'f','http://graph.facebook.com/10202827647159165/picture?type=large'),(346,1500,'Andrea Galimberti',10204080942880154,'m','http://graph.facebook.com/10204080942880154/picture?type=large'),(347,1500,'Luca Carcione',10203343449418100,'m','http://graph.facebook.com/10203343449418100/picture?type=large'),(348,1500,'Michele Cacciapuoti',10206262038699128,'m','http://graph.facebook.com/10206262038699128/picture?type=large'),(349,1500,'Leonardo Artioli',901251286602759,'m','http://graph.facebook.com/901251286602759/picture?type=large'),(350,1500,'Mario Arnone',10203287735028137,'m','http://graph.facebook.com/10203287735028137/picture?type=large'),(351,1500,'Tommaso Verga',822124794518969,'m','http://graph.facebook.com/822124794518969/picture?type=large'),(352,1484,'Elena Cassani',1116404948377018,'f','http://graph.facebook.com/1116404948377018/picture?type=large'),(353,1532,'Licia Zavattaro',971478716204134,'f','http://graph.facebook.com/971478716204134/picture?type=large'),(354,1484,'Martina Albanese',403028109862772,'f','http://graph.facebook.com/403028109862772/picture?type=large'),(355,1484,'Veronica Vezzosi',448063535345143,'f','http://graph.facebook.com/448063535345143/picture?type=large'),(356,1516,'Alessia Goberti',755157221243376,'f','http://graph.facebook.com/755157221243376/picture?type=large'),(357,1500,'Simone Marindi',628985900578916,'m','http://graph.facebook.com/628985900578916/picture?type=large'),(358,1500,'Simone Gallo',763361257077208,'m','http://graph.facebook.com/763361257077208/picture?type=large'),(359,1500,'Andrea Sovera',10206557664649102,'m','http://graph.facebook.com/10206557664649102/picture?type=large'),(360,1516,'Margherita Borille',263405137192188,'f','http://graph.facebook.com/263405137192188/picture?type=large'),(361,1484,'Allegra Valagussa',426119240883389,'f','http://graph.facebook.com/426119240883389/picture?type=large'),(362,1500,'Luca Tagliabue',823311227691920,'m','http://graph.facebook.com/823311227691920/picture?type=large'),(363,1500,'Robin Chionna',10203686182614975,'m','http://graph.facebook.com/10203686182614975/picture?type=large'),(364,1516,'Veronica Ratazzi',895392273845728,'f','http://graph.facebook.com/895392273845728/picture?type=large'),(365,1500,'Francesco Laszlo',10204277586195002,'m','http://graph.facebook.com/10204277586195002/picture?type=large'),(366,1500,'Giacomo Gelmetti',852333071484023,'m','http://graph.facebook.com/852333071484023/picture?type=large'),(367,1500,'Giacomo Stefanizzi',1573252106219686,'m','http://graph.facebook.com/1573252106219686/picture?type=large'),(368,1500,'Edoardo de Ruvo',10206067836955798,'m','http://graph.facebook.com/10206067836955798/picture?type=large'),(369,1500,'Matteo Colleoni',10206254008098562,'m','http://graph.facebook.com/10206254008098562/picture?type=large'),(370,1500,'Irene de Giuli',10203699707322497,'f','http://graph.facebook.com/10203699707322497/picture?type=large'),(371,1500,'Tommaso Zattarin',779155618803302,'m','http://graph.facebook.com/779155618803302/picture?type=large'),(372,1500,'Niccolò Berisso',311725149024557,'m','http://graph.facebook.com/311725149024557/picture?type=large'),(373,1500,'Andrea Mannino',318217081668950,'m','http://graph.facebook.com/318217081668950/picture?type=large'),(374,1500,'Luca Trabace',971113356232349,'m','http://graph.facebook.com/971113356232349/picture?type=large'),(375,1500,'Beatrice La Selva F',755211144586744,'f','http://graph.facebook.com/755211144586744/picture?type=large'),(376,1500,'Guido Ausenda',914471578603223,'m','http://graph.facebook.com/914471578603223/picture?type=large'),(377,1500,'Andrea Veronesi',1608914219321098,'m','http://graph.facebook.com/1608914219321098/picture?type=large'),(378,1500,'Alberto Silva',266563680202801,'m','http://graph.facebook.com/266563680202801/picture?type=large'),(379,1500,'Matteo Bugamelli',1627489674154792,'m','http://graph.facebook.com/1627489674154792/picture?type=large'),(380,1500,'Conny Russo',919179801465503,'f','http://graph.facebook.com/919179801465503/picture?type=large'),(381,1500,'Giacomo Grassi',10203117537688371,'m','http://graph.facebook.com/10203117537688371/picture?type=large'),(382,1500,'Claudio Garitta',10205487536174688,'m','http://graph.facebook.com/10205487536174688/picture?type=large'),(383,1500,'Martina Uzzo',896481673726258,'f','http://graph.facebook.com/896481673726258/picture?type=large'),(384,1500,'Andrea Zerega',831494696887429,'m','http://graph.facebook.com/831494696887429/picture?type=large'),(385,1516,'Anna De Angeli',10205327413616875,'f','http://graph.facebook.com/10205327413616875/picture?type=large'),(386,1500,'Edoardo Salmeri',10202687311943073,'m','http://graph.facebook.com/10202687311943073/picture?type=large'),(387,1484,'Talitha Palombo',720897304634421,'f','http://graph.facebook.com/720897304634421/picture?type=large'),(388,1516,'Daniela Mini',10205747730640152,'f','http://graph.facebook.com/10205747730640152/picture?type=large'),(389,1500,'Daniele Menin',10205064037634696,'m','http://graph.facebook.com/10205064037634696/picture?type=large'),(390,1500,'Fabio Malfatto',10202661703222750,'m','http://graph.facebook.com/10202661703222750/picture?type=large'),(391,1468,'Sara Peroncini Lechuga',10205799729820844,'f','http://graph.facebook.com/10205799729820844/picture?type=large'),(392,1500,'Gabriele Parenti',10204067779268818,'m','http://graph.facebook.com/10204067779268818/picture?type=large'),(393,1500,'Simo Musicò',10205454797722834,'m','http://graph.facebook.com/10205454797722834/picture?type=large'),(394,1500,'Umberto Marcheselli',729484280501846,'m','http://graph.facebook.com/729484280501846/picture?type=large'),(395,1500,'Lorenzo Tarantino',10206349322560173,'m','http://graph.facebook.com/10206349322560173/picture?type=large'),(396,1500,'Riccardo Negri',914600188592513,'m','http://graph.facebook.com/914600188592513/picture?type=large'),(397,1516,'Camilla Calicchia',10205918434861484,'f','http://graph.facebook.com/10205918434861484/picture?type=large'),(398,1500,'Gaia Buccino',1065226523491205,'f','http://graph.facebook.com/1065226523491205/picture?type=large'),(399,1500,'Francesca Paolelli',10206527793622382,'f','http://graph.facebook.com/10206527793622382/picture?type=large'),(400,1500,'Andrea Belfiore',10205342778682094,'m','http://graph.facebook.com/10205342778682094/picture?type=large'),(401,1500,'Giacomo Bellone',10205758850918835,'m','http://graph.facebook.com/10205758850918835/picture?type=large'),(402,1500,'Gabriele Suares',10204950933195363,'m','http://graph.facebook.com/10204950933195363/picture?type=large'),(403,1500,'Stefano Leone',744535302274854,'m','http://graph.facebook.com/744535302274854/picture?type=large'),(404,1500,'Marco Cesarin',338454889642806,'m','http://graph.facebook.com/338454889642806/picture?type=large'),(405,1500,'Federico Stocco',539792796124805,'m','http://graph.facebook.com/539792796124805/picture?type=large'),(406,1484,'Camilla Ferrario',10204068447898768,'f','http://graph.facebook.com/10204068447898768/picture?type=large'),(407,1500,'Andrea Bizzini',870373023019181,'m','http://graph.facebook.com/870373023019181/picture?type=large'),(408,1500,'Francesco Piga',820274261380671,'m','http://graph.facebook.com/820274261380671/picture?type=large'),(409,1516,'Eleonora Rossi',659127467542797,'f','http://graph.facebook.com/659127467542797/picture?type=large'),(410,1500,'Ale Barberio',10203886074459487,'m','http://graph.facebook.com/10203886074459487/picture?type=large'),(411,1500,'Marco Menniti',10204436778295605,'m','http://graph.facebook.com/10204436778295605/picture?type=large'),(412,1500,'Francesco Guizzardi',767299253339283,'m','http://graph.facebook.com/767299253339283/picture?type=large'),(413,1500,'Federico Aldovini',953895847956951,'m','http://graph.facebook.com/953895847956951/picture?type=large'),(414,1500,'Marco Fagiolo',10206069402123073,'m','http://graph.facebook.com/10206069402123073/picture?type=large'),(415,1500,'François Goor',10205232529086756,'m','http://graph.facebook.com/10205232529086756/picture?type=large'),(416,1500,'Chiara Giannetto',10206286912236750,'f','http://graph.facebook.com/10206286912236750/picture?type=large'),(417,1500,'Andrea Chiodaroli',822432214465024,'m','http://graph.facebook.com/822432214465024/picture?type=large'),(418,1500,'Beatrice Berti',695882800520044,'f','http://graph.facebook.com/695882800520044/picture?type=large'),(419,1500,'Stefano Roncoroni',803507846401425,'m','http://graph.facebook.com/803507846401425/picture?type=large'),(420,1500,'Emanuele Maggio',10205620744861203,'m','http://graph.facebook.com/10205620744861203/picture?type=large'),(421,1500,'Francesco Masi',10200205715502561,'m','http://graph.facebook.com/10200205715502561/picture?type=large'),(422,1500,'Stefano Alicicco',10204875711963021,'m','http://graph.facebook.com/10204875711963021/picture?type=large'),(423,1500,'Giacomo Gavazzi',1023197387708151,'m','http://graph.facebook.com/1023197387708151/picture?type=large'),(424,1500,'Alessandro Poletti',10205906519813001,'m','http://graph.facebook.com/10205906519813001/picture?type=large'),(425,1500,'Sara Baroni',726451974142661,'f','http://graph.facebook.com/726451974142661/picture?type=large'),(426,1500,'Marta Vecchio',679189215560097,'f','http://graph.facebook.com/679189215560097/picture?type=large'),(427,1516,'Giulia Galimberti',571111136364760,'f','http://graph.facebook.com/571111136364760/picture?type=large'),(428,1500,'Francesco Merafina',784185238315727,'m','http://graph.facebook.com/784185238315727/picture?type=large'),(429,1500,'Giacomo Roveda',1681836805377253,'m','http://graph.facebook.com/1681836805377253/picture?type=large'),(430,1500,'Andrea Morelli',10202792457011422,'m','http://graph.facebook.com/10202792457011422/picture?type=large'),(431,1500,'Michela Rusconi',10205309047397519,'f','http://graph.facebook.com/10205309047397519/picture?type=large'),(432,1500,'Lorenzo Pellanda',1006993835983832,'m','http://graph.facebook.com/1006993835983832/picture?type=large'),(433,1500,'Andrea Zecchinelli',10203855774661409,'m','http://graph.facebook.com/10203855774661409/picture?type=large'),(434,1500,'Un Passo Avanti VittorioVeneto',927676797252801,'m','http://graph.facebook.com/927676797252801/picture?type=large'),(435,1500,'Riccardo Ontani',801204929970786,'m','http://graph.facebook.com/801204929970786/picture?type=large'),(436,1516,'Elisa Del Torto',1031680870178714,'f','http://graph.facebook.com/1031680870178714/picture?type=large'),(437,1500,'Matteo Rondena',479430808863749,'m','http://graph.facebook.com/479430808863749/picture?type=large'),(438,1500,'Giorgio Perotti',10205402589577491,'m','http://graph.facebook.com/10205402589577491/picture?type=large'),(439,1468,'Christien Banayad',10202777600080741,'f','http://graph.facebook.com/10202777600080741/picture?type=large'),(440,1500,'Massimo Garanzini',10204144419719904,'m','http://graph.facebook.com/10204144419719904/picture?type=large'),(441,1500,'Edoardo Abate',994674563876444,'m','http://graph.facebook.com/994674563876444/picture?type=large'),(442,1500,'Federico Bottelli',10202326784250761,'m','http://graph.facebook.com/10202326784250761/picture?type=large'),(443,1500,'Matteo Menean',1002620786424107,'m','http://graph.facebook.com/1002620786424107/picture?type=large'),(444,1500,'Tommaso Peruch',10205513956241910,'m','http://graph.facebook.com/10205513956241910/picture?type=large'),(445,1516,'Viola De Santis',10205100992861759,'f','http://graph.facebook.com/10205100992861759/picture?type=large'),(446,1516,'Veronica Rossi',859596817429790,'f','http://graph.facebook.com/859596817429790/picture?type=large'),(447,1484,'Sabrina Mira',10204736315145369,'f','http://graph.facebook.com/10204736315145369/picture?type=large'),(448,1484,'Erica Epiglotti',945400192153153,'f','http://graph.facebook.com/945400192153153/picture?type=large'),(449,1516,'Chiara Carioti',1822465497977765,'f','http://graph.facebook.com/1822465497977765/picture?type=large'),(450,1500,'Luca Maccagni',10205372882947359,'m','http://graph.facebook.com/10205372882947359/picture?type=large'),(451,1500,'Daniel Kretzo',10152407291823910,'m','http://graph.facebook.com/10152407291823910/picture?type=large'),(452,1500,'Giacomo Sala',423615197815560,'m','http://graph.facebook.com/423615197815560/picture?type=large'),(453,1500,'Andrea Palmitano',1644862259077500,'m','http://graph.facebook.com/1644862259077500/picture?type=large'),(454,1500,'Riccardo Borghero',979510792063041,'m','http://graph.facebook.com/979510792063041/picture?type=large'),(455,1500,'Alessandro Dognini',723033687817603,'m','http://graph.facebook.com/723033687817603/picture?type=large'),(456,1500,'Edoardo Baldin',722468001123391,'m','http://graph.facebook.com/722468001123391/picture?type=large'),(457,1484,'Urvashi Heramun',835020676555868,'f','http://graph.facebook.com/835020676555868/picture?type=large'),(458,1500,'Emilio Rui',791670564248859,'m','http://graph.facebook.com/791670564248859/picture?type=large'),(459,1500,'Davide Doni',955764587771561,'m','http://graph.facebook.com/955764587771561/picture?type=large'),(460,1500,'Marco Piubello',10203898586245484,'m','http://graph.facebook.com/10203898586245484/picture?type=large'),(461,1500,'Filippo Canetta',10204247696044857,'m','http://graph.facebook.com/10204247696044857/picture?type=large'),(462,1500,'Andrea Ventura',10205573583876742,'m','http://graph.facebook.com/10205573583876742/picture?type=large'),(463,1500,'Ilaria Bonvicini',1100589906633525,'f','http://graph.facebook.com/1100589906633525/picture?type=large'),(464,1500,'Marco Laino',635064276625417,'m','http://graph.facebook.com/635064276625417/picture?type=large'),(465,1500,'Luca Simone',869784923062210,'m','http://graph.facebook.com/869784923062210/picture?type=large'),(466,1500,'Alessandro Lisena',280724512136227,'m','http://graph.facebook.com/280724512136227/picture?type=large'),(467,1500,'Alberto Gastaldi',624613757670750,'m','http://graph.facebook.com/624613757670750/picture?type=large'),(468,1500,'Gabriele Magagnin',947699961915596,'m','http://graph.facebook.com/947699961915596/picture?type=large'),(469,1500,'Silvia Tortellina Mantovanini',10205024441443910,'f','http://graph.facebook.com/10205024441443910/picture?type=large'),(470,1500,'Tiziana Mondello',10205465525070719,'f','http://graph.facebook.com/10205465525070719/picture?type=large'),(471,1516,'Sara Marzorati',10205299167748240,'f','http://graph.facebook.com/10205299167748240/picture?type=large'),(472,1500,'Alessandro Savazzi',10204457940110151,'m','http://graph.facebook.com/10204457940110151/picture?type=large'),(473,1500,'Amir Aly',775347165854262,'m','http://graph.facebook.com/775347165854262/picture?type=large'),(474,1484,'Silvia Benedetti',4608489748215,'f','http://graph.facebook.com/4608489748215/picture?type=large'),(475,1500,'Luca Epiglotti',10205043961032528,'m','http://graph.facebook.com/10205043961032528/picture?type=large'),(476,1484,'Simona Zambrano',10205042468974131,'f','http://graph.facebook.com/10205042468974131/picture?type=large'),(477,1532,'Alice Nenna',874620459250661,'f','http://graph.facebook.com/874620459250661/picture?type=large'),(478,1516,'Francesca Rusmini',1642358055983786,'f','http://graph.facebook.com/1642358055983786/picture?type=large'),(479,1484,'Nikki A. Reginaldo',930832966967303,'f','http://graph.facebook.com/930832966967303/picture?type=large'),(480,1516,'Marti Bramini',856825887681878,'f','http://graph.facebook.com/856825887681878/picture?type=large'),(481,1500,'Matteo D\'Addazio',338758282994305,'m','http://graph.facebook.com/338758282994305/picture?type=large'),(482,1500,'Matteo Gilardi',1825801390977811,'m','http://graph.facebook.com/1825801390977811/picture?type=large'),(483,1500,'Giacomo Colombo',826290640772455,'m','http://graph.facebook.com/826290640772455/picture?type=large'),(484,1500,'Alluce Di Enio',848114141928722,'m','http://graph.facebook.com/848114141928722/picture?type=large'),(485,1500,'Alessandro Albert',10203832769764325,'m','http://graph.facebook.com/10203832769764325/picture?type=large'),(486,1500,'Marco Pettazzi',636550133141916,'m','http://graph.facebook.com/636550133141916/picture?type=large'),(487,1500,'Loris Bersan',807233449367264,'m','http://graph.facebook.com/807233449367264/picture?type=large'),(488,1500,'Filippo Antonielli',10202826868467654,'m','http://graph.facebook.com/10202826868467654/picture?type=large'),(489,1500,'Giacomo Chiettini',938344819539766,'m','http://graph.facebook.com/938344819539766/picture?type=large'),(490,1500,'Gio Salice',10205866577967516,'m','http://graph.facebook.com/10205866577967516/picture?type=large'),(491,1500,'Tommaso Castiglioni',878840718820644,'m','http://graph.facebook.com/878840718820644/picture?type=large'),(492,1500,'Federico Muscato',805320079547292,'m','http://graph.facebook.com/805320079547292/picture?type=large'),(493,1484,'Martina Zichi',660922483977196,'f','http://graph.facebook.com/660922483977196/picture?type=large'),(494,1500,'Gianluca Manes',10204931362896691,'m','http://graph.facebook.com/10204931362896691/picture?type=large'),(495,1500,'Luca Moscatelli',962898723753201,'m','http://graph.facebook.com/962898723753201/picture?type=large'),(496,1500,'Chiara Rusmini',696803000417298,'f','http://graph.facebook.com/696803000417298/picture?type=large'),(497,1500,'Marina Bekhit',735327326540234,'f','http://graph.facebook.com/735327326540234/picture?type=large'),(498,1500,'Moutaz Abou El Ata',799984663404402,'m','http://graph.facebook.com/799984663404402/picture?type=large'),(499,1500,'Stefano Rombolà',10202116993711605,'m','http://graph.facebook.com/10202116993711605/picture?type=large'),(500,1500,'Simone Candiani',952538528120384,'m','http://graph.facebook.com/952538528120384/picture?type=large'),(501,1484,'Marwa Assidi',939020006108712,'f','http://graph.facebook.com/939020006108712/picture?type=large'),(502,1500,'Elisa Domaneschi',1617860185100719,'f','http://graph.facebook.com/1617860185100719/picture?type=large'),(503,1500,'Marta Brasili',867649966624560,'f','http://graph.facebook.com/867649966624560/picture?type=large'),(504,1500,'Matteo Muziü Muzio',879562012090264,'m','http://graph.facebook.com/879562012090264/picture?type=large'),(505,1500,'Chiara Cavalleri',1038970619449823,'f','http://graph.facebook.com/1038970619449823/picture?type=large'),(506,1484,'Marta Coppola',825993304135443,'f','http://graph.facebook.com/825993304135443/picture?type=large'),(507,1516,'Ilaria Anita Cintorrino',10203650598050915,'f','http://graph.facebook.com/10203650598050915/picture?type=large'),(508,1500,'Mattia Gasparrini',10203255728228001,'m','http://graph.facebook.com/10203255728228001/picture?type=large'),(509,1500,'Niccolò Cesaris',10201102844053103,'m','http://graph.facebook.com/10201102844053103/picture?type=large'),(510,1500,'Marta Manzoni',10205114120585123,'f','http://graph.facebook.com/10205114120585123/picture?type=large'),(511,1500,'Luca Bucci',941279479215770,'m','http://graph.facebook.com/941279479215770/picture?type=large'),(512,1500,'Chiara Manfredini',783293391738788,'f','http://graph.facebook.com/783293391738788/picture?type=large'),(513,1484,'Chiara Steiner',315029788688777,'f','http://graph.facebook.com/315029788688777/picture?type=large'),(514,1500,'Tommaso Costantini',409838929195352,'m','http://graph.facebook.com/409838929195352/picture?type=large'),(515,1484,'Livia Assouad',889018924492616,'f','http://graph.facebook.com/889018924492616/picture?type=large'),(516,1516,'Beatrice Boracchi',750350848331215,'f','http://graph.facebook.com/750350848331215/picture?type=large'),(517,1516,'Sara Passerini',409016562587588,'f','http://graph.facebook.com/409016562587588/picture?type=large'),(518,1500,'Giulio Cecchi',801962403172686,'m','http://graph.facebook.com/801962403172686/picture?type=large'),(519,1500,'Matteo Carbone',839620492726891,'m','http://graph.facebook.com/839620492726891/picture?type=large'),(520,1500,'Irene Fiorino',875767372482856,'f','http://graph.facebook.com/875767372482856/picture?type=large'),(521,1500,'Davide Lacca',948114788541263,'m','http://graph.facebook.com/948114788541263/picture?type=large'),(522,1468,'Laura Biraghi',736206006496556,'f','http://graph.facebook.com/736206006496556/picture?type=large'),(523,1500,'Andrea Calvosa',847815185255601,'m','http://graph.facebook.com/847815185255601/picture?type=large'),(524,1516,'Arianna Losi',10202554243835831,'f','http://graph.facebook.com/10202554243835831/picture?type=large'),(525,1484,'Chiara Zandonella',10204248789319893,'f','http://graph.facebook.com/10204248789319893/picture?type=large'),(526,1500,'Tobia Padovan',871364456220046,'m','http://graph.facebook.com/871364456220046/picture?type=large'),(527,1500,'Gabriele Pace',1093896807302592,'m','http://graph.facebook.com/1093896807302592/picture?type=large'),(528,1516,'Federica Sacchi',10204859830322998,'f','http://graph.facebook.com/10204859830322998/picture?type=large'),(529,1500,'Federica Grampa',10205177109820794,'f','http://graph.facebook.com/10205177109820794/picture?type=large'),(530,1500,'Matteo Castagna',386483568198636,'m','http://graph.facebook.com/386483568198636/picture?type=large'),(531,1500,'Christian Di Noia',762165590528894,'m','http://graph.facebook.com/762165590528894/picture?type=large'),(532,1500,'Gabriele Confalonieri',699468950117910,'m','http://graph.facebook.com/699468950117910/picture?type=large'),(533,1500,'Bordac Sig Valenge',780603432003040,'m','http://graph.facebook.com/780603432003040/picture?type=large'),(534,1500,'Federico Kenyota Tarellatore Franzosi',892913687435453,'m','http://graph.facebook.com/892913687435453/picture?type=large'),(535,1500,'Gabriele Barban',10203471935193490,'m','http://graph.facebook.com/10203471935193490/picture?type=large'),(536,1500,'Karina Karlechuk',10205426682179565,'f','http://graph.facebook.com/10205426682179565/picture?type=large'),(537,1500,'Benedetta Noseda',10205743265843678,'f','http://graph.facebook.com/10205743265843678/picture?type=large'),(538,1500,'Mariangela Zannier',10204242652047501,'f','http://graph.facebook.com/10204242652047501/picture?type=large'),(539,1500,'Matteo Quadrino',756616217785249,'m','http://graph.facebook.com/756616217785249/picture?type=large'),(540,1500,'Katalin Tropotel',834043523337104,'f','http://graph.facebook.com/834043523337104/picture?type=large'),(541,1500,'Ifraax Abdi Osman',856744184384422,'f','http://graph.facebook.com/856744184384422/picture?type=large'),(542,1500,'Ivan Colamartino',775519449172707,'m','http://graph.facebook.com/775519449172707/picture?type=large'),(543,1500,'Enrico Saibene',916101221773925,'m','http://graph.facebook.com/916101221773925/picture?type=large'),(544,1500,'Yun Yu Hu',963091313716119,'f','http://graph.facebook.com/963091313716119/picture?type=large'),(545,1500,'Fabio Wang',970056503013276,'m','http://graph.facebook.com/970056503013276/picture?type=large'),(546,1500,'Francesco Volpi',968027123209835,'m','http://graph.facebook.com/968027123209835/picture?type=large'),(547,1500,'Riccardo Lupano',935671773111379,'m','http://graph.facebook.com/935671773111379/picture?type=large'),(548,1500,'Enio Mangiacotti',966087983401612,'m','http://graph.facebook.com/966087983401612/picture?type=large'),(549,1500,'Luca Smenny Smania',971892616154292,'m','http://graph.facebook.com/971892616154292/picture?type=large'),(550,1500,'Andrea Bergamaschi',10202827425205868,'m','http://graph.facebook.com/10202827425205868/picture?type=large'),(551,1500,'Carlo Eugenio Santelia',10205251529882118,'m','http://graph.facebook.com/10205251529882118/picture?type=large'),(552,1500,'Francesca Messina',10206164678026337,'f','http://graph.facebook.com/10206164678026337/picture?type=large'),(553,1500,'Erika Carlotta Ferlini',10203734571312387,'f','http://graph.facebook.com/10203734571312387/picture?type=large'),(554,1500,'Alberto Lucchini',10205563875843744,'m','http://graph.facebook.com/10205563875843744/picture?type=large'),(555,1500,'Roberto Marrella',10204901999568856,'m','http://graph.facebook.com/10204901999568856/picture?type=large'),(556,1500,'Chiara Mascetti',10203409069805794,'f','http://graph.facebook.com/10203409069805794/picture?type=large'),(557,1500,'Margherita Citterio',943052915714364,'f','http://graph.facebook.com/943052915714364/picture?type=large'),(558,1500,'Chiara Rabbione',403939919780897,'f','http://graph.facebook.com/403939919780897/picture?type=large'),(559,1500,'Marta Castiglioni',631017447042777,'f','http://graph.facebook.com/631017447042777/picture?type=large'),(560,1500,'Eleonora Pancanti',689353784496693,'f','http://graph.facebook.com/689353784496693/picture?type=large'),(561,1484,'Ilaria Carbonara',697785703630684,'f','http://graph.facebook.com/697785703630684/picture?type=large'),(562,1516,'Emma Fidenzi',10203964199483258,'f','http://graph.facebook.com/10203964199483258/picture?type=large'),(563,1500,'Chiara Zipoli',694005737374809,'f','http://graph.facebook.com/694005737374809/picture?type=large'),(564,1500,'Andrea Arghetti',939033512796180,'m','http://graph.facebook.com/939033512796180/picture?type=large'),(565,1500,'Sara Arghetti',889851504390071,'f','http://graph.facebook.com/889851504390071/picture?type=large'),(566,1500,'Federica Cortesi',371945352979982,'f','http://graph.facebook.com/371945352979982/picture?type=large'),(567,1500,'Guglielmo Ferrauto',659337957523063,'m','http://graph.facebook.com/659337957523063/picture?type=large'),(568,1516,'Beatrice Volpe',699989346747255,'f','http://graph.facebook.com/699989346747255/picture?type=large'),(569,1500,'Yuri Tacconi',736582026431559,'m','http://graph.facebook.com/736582026431559/picture?type=large'),(570,1500,'Yuri Rocca',379632988869865,'m','http://graph.facebook.com/379632988869865/picture?type=large'),(571,1484,'Federica Paparusso',536581143150746,'f','http://graph.facebook.com/536581143150746/picture?type=large'),(572,1500,'Gaia Giannitti',781498638579147,'f','http://graph.facebook.com/781498638579147/picture?type=large'),(573,1500,'Nicolò Foroni',797299790350570,'m','http://graph.facebook.com/797299790350570/picture?type=large'),(574,1500,'Gabriele Di Febio',576666015810472,'m','http://graph.facebook.com/576666015810472/picture?type=large'),(575,1500,'Andrea Tradati',774685442608353,'m','http://graph.facebook.com/774685442608353/picture?type=large'),(576,1484,'Carlotta Schlesinger',460122364136580,'f','http://graph.facebook.com/460122364136580/picture?type=large'),(577,1500,'Lorenzo Giori',957987587574682,'m','http://graph.facebook.com/957987587574682/picture?type=large'),(578,1516,'Clarisse Fournier',388461964647117,'f','http://graph.facebook.com/388461964647117/picture?type=large'),(579,1500,'Giulia Camilli',887297171312789,'f','http://graph.facebook.com/887297171312789/picture?type=large'),(580,1500,'Paride Faella',892132267509453,'m','http://graph.facebook.com/892132267509453/picture?type=large'),(581,1500,'Federico Groppelli',860899680622359,'m','http://graph.facebook.com/860899680622359/picture?type=large'),(582,1500,'Vittoria Gianolli',861682033894814,'f','http://graph.facebook.com/861682033894814/picture?type=large'),(583,1500,'Enrico Fornasa',766362400122557,'m','http://graph.facebook.com/766362400122557/picture?type=large'),(584,1500,'Tommaso Lampertico',10202737068588107,'m','http://graph.facebook.com/10202737068588107/picture?type=large'),(585,1500,'Claudio Pirinoli',411809555648837,'m','http://graph.facebook.com/411809555648837/picture?type=large'),(586,1500,'Valentina Monti',678859032223195,'f','http://graph.facebook.com/678859032223195/picture?type=large'),(587,1500,'Luca De Vecchi',863688637025642,'m','http://graph.facebook.com/863688637025642/picture?type=large'),(588,1500,'Maria Mantovanini',867689226635406,'f','http://graph.facebook.com/867689226635406/picture?type=large'),(589,1500,'Teo Maietta',10205342350750478,'m','http://graph.facebook.com/10205342350750478/picture?type=large'),(590,1500,'Pietro Storti',1078252338868452,'m','http://graph.facebook.com/1078252338868452/picture?type=large'),(591,1500,'Gabriele Lauria',1084749544884358,'m','http://graph.facebook.com/1084749544884358/picture?type=large'),(592,1500,'Federico Lauria',1068797946480701,'m','http://graph.facebook.com/1068797946480701/picture?type=large'),(593,1500,'Luca Forte',899199680111229,'m','http://graph.facebook.com/899199680111229/picture?type=large'),(594,1500,'Andrea Antonielli',1110970642261768,'m','http://graph.facebook.com/1110970642261768/picture?type=large'),(595,1500,'Kathleen Colcol',753026878099341,'f','http://graph.facebook.com/753026878099341/picture?type=large'),(596,1500,'Martina Tumino',411519822334571,'f','http://graph.facebook.com/411519822334571/picture?type=large'),(597,1500,'Diogo Pereira',982536015109881,'m','http://graph.facebook.com/982536015109881/picture?type=large'),(598,1500,'Zishun Guo',430637247098627,'m','http://graph.facebook.com/430637247098627/picture?type=large'),(599,1500,'Ottavia Anna Veroux',10204678310331789,'f','http://graph.facebook.com/10204678310331789/picture?type=large'),(600,1500,'Federico Dellabianca',820095764723109,'m','http://graph.facebook.com/820095764723109/picture?type=large'),(601,1500,'Stefano Busti',791664114245536,'m','http://graph.facebook.com/791664114245536/picture?type=large'),(602,1484,'Lijia Sun',10206550386266218,'f','http://graph.facebook.com/10206550386266218/picture?type=large'),(603,1516,'Elena Aloia',835439903159764,'f','http://graph.facebook.com/835439903159764/picture?type=large'),(604,1484,'Giulia Gogna',10206148624057219,'f','http://graph.facebook.com/10206148624057219/picture?type=large'),(605,1516,'Valentina Gazzola',870164039713503,'f','http://graph.facebook.com/870164039713503/picture?type=large'),(606,1500,'Yutao Chen',935034943213696,'m','http://graph.facebook.com/935034943213696/picture?type=large'),(607,1500,'Daniele Della Schiava',836483816423159,'m','http://graph.facebook.com/836483816423159/picture?type=large'),(608,1500,'Michele Randazzo',677103989084647,'m','http://graph.facebook.com/677103989084647/picture?type=large'),(609,1500,'Alessandro Leporati',347640075404318,'m','http://graph.facebook.com/347640075404318/picture?type=large'),(610,1516,'Ludovica Baldrighi',807532339315688,'f','http://graph.facebook.com/807532339315688/picture?type=large'),(611,1500,'Alessio Calcaterra',10205787257222070,'m','http://graph.facebook.com/10205787257222070/picture?type=large'),(612,1484,'Beatrice Cantoni',10204691409902314,'f','http://graph.facebook.com/10204691409902314/picture?type=large'),(613,1500,'Sofia Giroletti',10205462746360647,'f','http://graph.facebook.com/10205462746360647/picture?type=large'),(614,1500,'Luca Lorenzi',10204620581733087,'m','http://graph.facebook.com/10204620581733087/picture?type=large'),(615,1500,'Sandra Vasilescu',511398862338618,'f','http://graph.facebook.com/511398862338618/picture?type=large'),(616,1500,'Emilio Annoni',348319928706387,'m','http://graph.facebook.com/348319928706387/picture?type=large'),(617,1500,'Francesca Soler',289905107858647,'f','http://graph.facebook.com/289905107858647/picture?type=large'),(618,1500,'Davide Verzanini',799049213513587,'m','http://graph.facebook.com/799049213513587/picture?type=large'),(619,1500,'Gianluca Phrazzei',817774441607507,'m','http://graph.facebook.com/817774441607507/picture?type=large'),(620,1500,'Lorenzo Bertolasi',742517805838468,'m','http://graph.facebook.com/742517805838468/picture?type=large'),(621,1500,'Emanuele Galli',814313641988692,'m','http://graph.facebook.com/814313641988692/picture?type=large'),(622,1500,'Cirillo Josef Rili',851739674891662,'m','http://graph.facebook.com/851739674891662/picture?type=large'),(623,1500,'Paolo Martini',741658582584772,'m','http://graph.facebook.com/741658582584772/picture?type=large'),(624,1500,'Loris Dancs',10200104338049019,'m','http://graph.facebook.com/10200104338049019/picture?type=large'),(625,1500,'Ludovico Manzoni',786153594762389,'m','http://graph.facebook.com/786153594762389/picture?type=large'),(626,1500,'Carola Manzoni',715451148550708,'f','http://graph.facebook.com/715451148550708/picture?type=large'),(627,1500,'Alice Tavella',793389384084880,'f','http://graph.facebook.com/793389384084880/picture?type=large'),(628,1500,'Lorenzo Pancanti',666143740121729,'m','http://graph.facebook.com/666143740121729/picture?type=large'),(629,1500,'Gaia Zandonà',309102722624060,'f','http://graph.facebook.com/309102722624060/picture?type=large'),(630,1500,'Francesco Villa',886668728052766,'m','http://graph.facebook.com/886668728052766/picture?type=large'),(631,1500,'Alberto Clerici',874441105946528,'m','http://graph.facebook.com/874441105946528/picture?type=large'),(632,1500,'Enrico Solari',10203392736044763,'m','http://graph.facebook.com/10203392736044763/picture?type=large'),(633,1500,'Massimiliano Baldin',865796280118677,'m','http://graph.facebook.com/865796280118677/picture?type=large'),(634,1500,'Barbara Alghisi',861639297233663,'f','http://graph.facebook.com/861639297233663/picture?type=large'),(635,1516,'Isabella Cagiano',469471369871034,'f','http://graph.facebook.com/469471369871034/picture?type=large'),(636,1500,'Alejandro Perea',871184192924800,'m','http://graph.facebook.com/871184192924800/picture?type=large'),(637,1500,'Roberto Cerullo',962162410470147,'m','http://graph.facebook.com/962162410470147/picture?type=large'),(638,1500,'Riccardo Beretta',984474591563365,'m','http://graph.facebook.com/984474591563365/picture?type=large'),(639,1500,'Daniele Sala',511809835627962,'m','http://graph.facebook.com/511809835627962/picture?type=large'),(640,1500,'Alessandro Servino',10200255142817489,'m','http://graph.facebook.com/10200255142817489/picture?type=large'),(641,1484,'Lisa Biondi',827128280681086,'f','http://graph.facebook.com/827128280681086/picture?type=large'),(642,1516,'Bianca Girolami',927687837294981,'f','http://graph.facebook.com/927687837294981/picture?type=large'),(643,1500,'Pietro Valsecchi',10202620638316067,'m','http://graph.facebook.com/10202620638316067/picture?type=large'),(644,1500,'Ivan Begovic',867918429946170,'m','http://graph.facebook.com/867918429946170/picture?type=large'),(645,1500,'Giacomo Bertagnoli',701880246585514,'m','http://graph.facebook.com/701880246585514/picture?type=large'),(646,1500,'Francesco Visani',794447353992382,'m','http://graph.facebook.com/794447353992382/picture?type=large'),(647,1500,'Alessandro Pirelli',740357732716555,'m','http://graph.facebook.com/740357732716555/picture?type=large'),(648,1500,'Alice Dell\'ava',732745570178818,'f','http://graph.facebook.com/732745570178818/picture?type=large'),(649,1500,'Victor Cevallos',1062235010468887,'m','http://graph.facebook.com/1062235010468887/picture?type=large'),(650,1500,'Edoardo Tronconi',798295110253759,'m','http://graph.facebook.com/798295110253759/picture?type=large'),(651,1500,'Pietro Guidicini',10203831398452285,'m','http://graph.facebook.com/10203831398452285/picture?type=large'),(652,1500,'Rosi Tizzani',10204431696204757,'f','http://graph.facebook.com/10204431696204757/picture?type=large'),(653,1500,'Raffaele Foschini',10204651573601283,'m','http://graph.facebook.com/10204651573601283/picture?type=large'),(654,1500,'Marella Costantini',10206572344931676,'f','http://graph.facebook.com/10206572344931676/picture?type=large'),(655,1500,'Francesco Santella',862750643772993,'m','http://graph.facebook.com/862750643772993/picture?type=large'),(656,1500,'Marco Pasotto',906999616028754,'m','http://graph.facebook.com/906999616028754/picture?type=large'),(657,1500,'Jacopo Pacini',536661366473289,'m','http://graph.facebook.com/536661366473289/picture?type=large'),(658,1500,'Bianca Uberti Foppa',788132371230398,'f','http://graph.facebook.com/788132371230398/picture?type=large'),(659,1500,'Gian Nikko Silva Mendoza',953823894642171,'m','http://graph.facebook.com/953823894642171/picture?type=large'),(660,1500,'Milannie Marasigan',955551647789804,'f','http://graph.facebook.com/955551647789804/picture?type=large'),(661,1516,'Gaia Nobili',1111268658898644,'f','http://graph.facebook.com/1111268658898644/picture?type=large'),(662,1484,'Federica S. Guida',655518017888384,'f','http://graph.facebook.com/655518017888384/picture?type=large'),(663,1500,'Lorenzo Cattaneo',734007053364470,'m','http://graph.facebook.com/734007053364470/picture?type=large'),(664,1500,'Lorenzo Giudici',931208246918743,'m','http://graph.facebook.com/931208246918743/picture?type=large'),(665,1500,'Giovanni Sbattella',684698591642737,'m','http://graph.facebook.com/684698591642737/picture?type=large'),(666,1500,'Maria Chiara Catta',814752208589721,'f','http://graph.facebook.com/814752208589721/picture?type=large'),(667,1500,'Elena Campolo',10204154199551550,'f','http://graph.facebook.com/10204154199551550/picture?type=large'),(668,1500,'Alessia Ramirez',702654523148365,'f','http://graph.facebook.com/702654523148365/picture?type=large'),(669,1500,'Martina Massara',947192501962538,'f','http://graph.facebook.com/947192501962538/picture?type=large'),(670,1500,'Nikita Macchi',10203777213542016,'f','http://graph.facebook.com/10203777213542016/picture?type=large'),(671,1500,'Carlotta Nardi',10205861795174411,'f','http://graph.facebook.com/10205861795174411/picture?type=large'),(672,1500,'Francesca Manzi',10206453560124008,'f','http://graph.facebook.com/10206453560124008/picture?type=large'),(673,1500,'Caterina Folcia',10205425958147006,'f','http://graph.facebook.com/10205425958147006/picture?type=large'),(674,1500,'Aline Herlin',863669723683599,'f','http://graph.facebook.com/863669723683599/picture?type=large'),(675,1484,'Fatime Soumahoro',934434409904327,'f','http://graph.facebook.com/934434409904327/picture?type=large'),(676,1516,'Sara Bernuzzi',10205515894968631,'f','http://graph.facebook.com/10205515894968631/picture?type=large'),(677,1500,'Sara Giselassis',10206004113572755,'f','http://graph.facebook.com/10206004113572755/picture?type=large'),(678,1516,'Sara Minchillo',935651709819836,'f','http://graph.facebook.com/935651709819836/picture?type=large'),(679,1500,'Edoardo Stiatti',1067923593234642,'m','http://graph.facebook.com/1067923593234642/picture?type=large'),(680,1484,'Alice Sbarollo Saffirio',10204658237769589,'f','http://graph.facebook.com/10204658237769589/picture?type=large'),(681,1516,'Alice Testa',10203636607667643,'f','http://graph.facebook.com/10203636607667643/picture?type=large'),(682,1484,'Jessica Alfieri',10205088486705793,'f','http://graph.facebook.com/10205088486705793/picture?type=large'),(683,1500,'Giulio Accoti',692912044129153,'m','http://graph.facebook.com/692912044129153/picture?type=large'),(684,1500,'Pietro Galuppo',1529847770582923,'m','http://graph.facebook.com/1529847770582923/picture?type=large'),(685,1500,'Ilaria Sandon',481017108716381,'f','http://graph.facebook.com/481017108716381/picture?type=large'),(686,1500,'Rachele Argenio',739384012816586,'f','http://graph.facebook.com/739384012816586/picture?type=large'),(687,1500,'India Ermacora',447223752106772,'f','http://graph.facebook.com/447223752106772/picture?type=large'),(688,1500,'Cecilia Lanzi',632887436842006,'f','http://graph.facebook.com/632887436842006/picture?type=large'),(689,1500,'Giovanni Colombo',10204648867365623,'m','http://graph.facebook.com/10204648867365623/picture?type=large'),(690,1500,'Giovanni Toniolo',10205515503478589,'m','http://graph.facebook.com/10205515503478589/picture?type=large'),(691,1500,'Guglielmo Albani',730351997063902,'m','http://graph.facebook.com/730351997063902/picture?type=large'),(692,1500,'Jaysan Cueto',1033735289987861,'m','http://graph.facebook.com/1033735289987861/picture?type=large'),(693,1500,'Pietro Aloisi',10205341585892266,'m','http://graph.facebook.com/10205341585892266/picture?type=large'),(694,1500,'Matteo A. Fiorini',816513298435358,'m','http://graph.facebook.com/816513298435358/picture?type=large'),(695,1500,'Michele Dalla Sega',990156094334012,'m','http://graph.facebook.com/990156094334012/picture?type=large'),(696,1500,'Timoteo Pepe',454202248065310,'m','http://graph.facebook.com/454202248065310/picture?type=large'),(697,1500,'Aurelio Cabrera',10203832979325132,'m','http://graph.facebook.com/10203832979325132/picture?type=large'),(698,1500,'Valentina Del Baglivo',905271376191915,'f','http://graph.facebook.com/905271376191915/picture?type=large'),(699,1500,'Elisa Carbone',845253658826295,'f','http://graph.facebook.com/845253658826295/picture?type=large'),(700,1500,'Elisa Sambruna',765945113513375,'f','http://graph.facebook.com/765945113513375/picture?type=large'),(701,1500,'Federica Ninno',10203815889980816,'f','http://graph.facebook.com/10203815889980816/picture?type=large'),(702,1500,'Marta Appiani',10204912178431808,'f','http://graph.facebook.com/10204912178431808/picture?type=large'),(703,1500,'Francesca Past',10206244576577130,'f','http://graph.facebook.com/10206244576577130/picture?type=large'),(704,1500,'Emanuele Bua Odetti',935902716454772,'m','http://graph.facebook.com/935902716454772/picture?type=large'),(705,1516,'Giulia Peveri',10203755011777110,'f','http://graph.facebook.com/10203755011777110/picture?type=large'),(706,1484,'Eleonora Daniel',902860839724289,'f','http://graph.facebook.com/902860839724289/picture?type=large'),(707,1500,'Eleonora Farina',10206280461441169,'f','http://graph.facebook.com/10206280461441169/picture?type=large'),(708,1500,'Paolo Tesauro',10204715911050083,'m','http://graph.facebook.com/10204715911050083/picture?type=large'),(709,1500,'Paolo Naty Zaccone',10206185512179715,'m','http://graph.facebook.com/10206185512179715/picture?type=large'),(710,1500,'Emile Fantova',1063228947037337,'m','http://graph.facebook.com/1063228947037337/picture?type=large'),(711,1500,'Alessandro Zanone',10201667148627681,'m','http://graph.facebook.com/10201667148627681/picture?type=large'),(712,1500,'Lorenzo Bianca',10205790659832337,'m','http://graph.facebook.com/10205790659832337/picture?type=large'),(713,1500,'Fidia Costantino',10206331149378301,'f','http://graph.facebook.com/10206331149378301/picture?type=large'),(714,1500,'Ilaria Riccio',10205597072518907,'f','http://graph.facebook.com/10205597072518907/picture?type=large'),(715,1500,'Marie-Claire Goor',10205127924895754,'f','http://graph.facebook.com/10205127924895754/picture?type=large'),(716,1484,'Giorgia Buongiovanni',10202555811495199,'f','http://graph.facebook.com/10202555811495199/picture?type=large'),(717,1500,'Lorenzo Marinoni',1097121190314873,'m','http://graph.facebook.com/1097121190314873/picture?type=large'),(718,1500,'Davide Lorenzo Facchin',727981120647960,'m','http://graph.facebook.com/727981120647960/picture?type=large'),(719,1500,'Davide Bertagna',10204626546438607,'m','http://graph.facebook.com/10204626546438607/picture?type=large'),(720,1500,'Nicola Magliocco',812775045475286,'m','http://graph.facebook.com/812775045475286/picture?type=large'),(721,1500,'Matteo Zocca',865491156816906,'m','http://graph.facebook.com/865491156816906/picture?type=large'),(722,1500,'Matteo Gatta',985199521491356,'m','http://graph.facebook.com/985199521491356/picture?type=large'),(723,1500,'Matteo D\'Anna',900664049997742,'m','http://graph.facebook.com/900664049997742/picture?type=large'),(724,1516,'Francesca Roveri',10200646629284881,'f','http://graph.facebook.com/10200646629284881/picture?type=large'),(725,1500,'Margherita Roveri',10206468017083132,'f','http://graph.facebook.com/10206468017083132/picture?type=large'),(726,1500,'Giorgio Caizzi',10152440327643617,'m','http://graph.facebook.com/10152440327643617/picture?type=large'),(727,1500,'Chiara Colombo',892441990777258,'f','http://graph.facebook.com/892441990777258/picture?type=large'),(728,1500,'Sonia Ferrero',10204015118844289,'f','http://graph.facebook.com/10204015118844289/picture?type=large'),(729,1500,'Federica Decorato',869018946491201,'f','http://graph.facebook.com/869018946491201/picture?type=large'),(730,1500,'Tommaso Ballardini',10205425987322892,'m','http://graph.facebook.com/10205425987322892/picture?type=large'),(731,1500,'Chiara Carlucci',883499391689677,'f','http://graph.facebook.com/883499391689677/picture?type=large'),(732,1484,'Yuki Fini',907074992639018,'f','http://graph.facebook.com/907074992639018/picture?type=large'),(733,1516,'Federica Di Nardi',10204498077684669,'f','http://graph.facebook.com/10204498077684669/picture?type=large'),(734,1500,'Cecilia Petti',10206532943071292,'f','http://graph.facebook.com/10206532943071292/picture?type=large'),(735,1500,'Spotted Vittorio Veneto',361897710666864,'m','http://graph.facebook.com/361897710666864/picture?type=large'),(736,1500,'Paolo Romano',10204048228111622,'m','http://graph.facebook.com/10204048228111622/picture?type=large'),(737,1500,'Carola Pollini',10205250529056700,'f','http://graph.facebook.com/10205250529056700/picture?type=large'),(738,1500,'Luca Della Vedova',10202789160758323,'m','http://graph.facebook.com/10202789160758323/picture?type=large'),(739,1500,'Davi Mazzoni',10203597167943844,'m','http://graph.facebook.com/10203597167943844/picture?type=large'),(740,1500,'Arianna Castellanos',10202965409204911,'f','http://graph.facebook.com/10202965409204911/picture?type=large'),(741,1500,'Francesco Pinardi',817577611655181,'m','http://graph.facebook.com/817577611655181/picture?type=large'),(742,1500,'Angelica G. Perego',751525541581234,'f','http://graph.facebook.com/751525541581234/picture?type=large'),(743,1500,'Francesca Costa',929881923698802,'f','http://graph.facebook.com/929881923698802/picture?type=large'),(744,1500,'Elena Piovani',462978400524883,'f','http://graph.facebook.com/462978400524883/picture?type=large'),(745,1484,'Alice Ceccardi',811832032232356,'f','http://graph.facebook.com/811832032232356/picture?type=large'),(746,1516,'Monica Lana',701973553248013,'f','http://graph.facebook.com/701973553248013/picture?type=large'),(747,1500,'Nicoletta Chiereghin',424544297708959,'f','http://graph.facebook.com/424544297708959/picture?type=large'),(748,1500,'Ilan Piol',1031703526858080,'m','http://graph.facebook.com/1031703526858080/picture?type=large'),(749,1500,'Fulvio Matera',828696953868654,'m','http://graph.facebook.com/828696953868654/picture?type=large'),(750,1500,'Elisabetta Milanesi',657756997690072,'f','http://graph.facebook.com/657756997690072/picture?type=large'),(751,1500,'Abigail Rili',870969996282988,'f','http://graph.facebook.com/870969996282988/picture?type=large'),(752,1500,'Davide Brioschi',304278299728480,'m','http://graph.facebook.com/304278299728480/picture?type=large'),(753,1500,'Mattia Vanetti',744864788934622,'m','http://graph.facebook.com/744864788934622/picture?type=large'),(754,1500,'Francesca Crosignani',829581453795318,'f','http://graph.facebook.com/829581453795318/picture?type=large'),(755,1500,'Federico Morini',879147108798828,'m','http://graph.facebook.com/879147108798828/picture?type=large'),(756,1500,'Riccardo Madini',10206638576706915,'m','http://graph.facebook.com/10206638576706915/picture?type=large'),(757,1500,'Paolo Hua',921656787885603,'m','http://graph.facebook.com/921656787885603/picture?type=large'),(758,1516,'Francesca Savi',678282672285184,'f','http://graph.facebook.com/678282672285184/picture?type=large'),(759,1484,'Francesca Saleri',596177490519674,'f','http://graph.facebook.com/596177490519674/picture?type=large'),(760,1500,'Silvia Fugazza',1014565948573185,'f','http://graph.facebook.com/1014565948573185/picture?type=large'),(761,1500,'Sara Poppa',652355894859624,'f','http://graph.facebook.com/652355894859624/picture?type=large'),(762,1500,'Claudia Riccaboni',786806628071467,'f','http://graph.facebook.com/786806628071467/picture?type=large'),(763,1484,'Giulia Corvina Rui',835615596506295,'f','http://graph.facebook.com/835615596506295/picture?type=large'),(764,1500,'Puneet Kahlon',944143875630434,'m','http://graph.facebook.com/944143875630434/picture?type=large'),(765,1500,'Michele Iuculano',957174867625890,'m','http://graph.facebook.com/957174867625890/picture?type=large'),(766,1516,'Martina Pecis',786685668084682,'f','http://graph.facebook.com/786685668084682/picture?type=large'),(767,1484,'Camilla Virgilio',912690392116009,'f','http://graph.facebook.com/912690392116009/picture?type=large'),(768,1500,'Giacomo Caminada',881285541935750,'m','http://graph.facebook.com/881285541935750/picture?type=large'),(769,1500,'Filippo Cillo Masi',644427939023284,'m','http://graph.facebook.com/644427939023284/picture?type=large'),(770,1500,'Guido Donia',10202033440031269,'m','http://graph.facebook.com/10202033440031269/picture?type=large'),(771,1500,'Manuel De Santis',992164560800855,'m','http://graph.facebook.com/992164560800855/picture?type=large'),(772,1500,'Lorenzo Vecchietti',1609243975988405,'m','http://graph.facebook.com/1609243975988405/picture?type=large'),(773,1500,'Tommaso Senatieri',913979485313570,'m','http://graph.facebook.com/913979485313570/picture?type=large'),(774,1500,'Matteo Zavatti',913487945330236,'m','http://graph.facebook.com/913487945330236/picture?type=large'),(775,1500,'Leonardo Stogl',1064406533589452,'m','http://graph.facebook.com/1064406533589452/picture?type=large'),(776,1532,'Martina C. Capuano',774297766018681,'f','http://graph.facebook.com/774297766018681/picture?type=large'),(777,1484,'MaRta Baffi',820099328069253,'f','http://graph.facebook.com/820099328069253/picture?type=large'),(778,1500,'Paolo Giovanni Ettorre',372713139605196,'m','http://graph.facebook.com/372713139605196/picture?type=large'),(779,1500,'Edoardo Coletta',859644414101033,'m','http://graph.facebook.com/859644414101033/picture?type=large'),(780,1500,'Giorgia Gentile',878529025543041,'f','http://graph.facebook.com/878529025543041/picture?type=large'),(781,1500,'Arianna Esposito',802377549812687,'f','http://graph.facebook.com/802377549812687/picture?type=large'),(782,1500,'Beatrice Prina',583628155114919,'f','http://graph.facebook.com/583628155114919/picture?type=large'),(783,1500,'Tommaso Cottatellucci',481581355327401,'m','http://graph.facebook.com/481581355327401/picture?type=large'),(784,1500,'Bianca Spaccarelli',1573117489620688,'f','http://graph.facebook.com/1573117489620688/picture?type=large'),(785,1516,'Laura Crespi',742683889162227,'f','http://graph.facebook.com/742683889162227/picture?type=large'),(786,1500,'Tommaso Paolucci',625194027624771,'m','http://graph.facebook.com/625194027624771/picture?type=large'),(787,1484,'Paola Biraghi',382860118531269,'f','http://graph.facebook.com/382860118531269/picture?type=large'),(788,1500,'Giacomo Reina',1114745268551549,'m','http://graph.facebook.com/1114745268551549/picture?type=large'),(789,1500,'Lea Bottini',10205084237119719,'f','http://graph.facebook.com/10205084237119719/picture?type=large'),(790,1500,'Cecilia Ferrari',818491274893051,'f','http://graph.facebook.com/818491274893051/picture?type=large'),(791,1500,'Cecilia Scauri',1088721451154680,'f','http://graph.facebook.com/1088721451154680/picture?type=large'),(792,1500,'Lorenzo Paolelli',882647191758585,'m','http://graph.facebook.com/882647191758585/picture?type=large'),(793,1500,'Elisabetta Soldavini',952188601480252,'f','http://graph.facebook.com/952188601480252/picture?type=large'),(794,1500,'Nina Fois',894148520647317,'f','http://graph.facebook.com/894148520647317/picture?type=large'),(795,1500,'Francesco Minisini',776270865803050,'m','http://graph.facebook.com/776270865803050/picture?type=large'),(796,1500,'Luca Carra',10204888430923080,'m','http://graph.facebook.com/10204888430923080/picture?type=large'),(797,1500,'Luca Bonfanti',888789567847679,'m','http://graph.facebook.com/888789567847679/picture?type=large'),(798,1500,'Luca Bertinetti',10205043775284520,'m','http://graph.facebook.com/10205043775284520/picture?type=large'),(799,1484,'Micol Tedeschi',10204998537354962,'f','http://graph.facebook.com/10204998537354962/picture?type=large'),(800,1500,'Edoardo Marino',10205292343101276,'m','http://graph.facebook.com/10205292343101276/picture?type=large'),(801,1500,'Edoardo Sperone',10205345893224241,'m','http://graph.facebook.com/10205345893224241/picture?type=large'),(802,1500,'Fra Bluto',812483158774605,'m','http://graph.facebook.com/812483158774605/picture?type=large'),(803,1500,'Dario Dognini',1009224882434663,'m','http://graph.facebook.com/1009224882434663/picture?type=large'),(804,1516,'Beatrice Nava',950087515016503,'f','http://graph.facebook.com/950087515016503/picture?type=large'),(805,1500,'Margherita Pernich',10204699837029849,'f','http://graph.facebook.com/10204699837029849/picture?type=large'),(806,1500,'Francesca Aversa',10205288323241343,'f','http://graph.facebook.com/10205288323241343/picture?type=large'),(807,1500,'Tommaso Casini',1114106285281462,'m','http://graph.facebook.com/1114106285281462/picture?type=large'),(808,1500,'Laura Di Carpegna',796298047130718,'f','http://graph.facebook.com/796298047130718/picture?type=large'),(809,1516,'Tommaso Bo',881738935222283,'m','http://graph.facebook.com/881738935222283/picture?type=large'),(810,1484,'Marco Vitali',674144396045392,'m','http://graph.facebook.com/674144396045392/picture?type=large'),(811,1500,'Silvia Gazzola',1094276477266192,'f','http://graph.facebook.com/1094276477266192/picture?type=large'),(812,1500,'Cecilia Rinaldi',428875610603403,'f','http://graph.facebook.com/428875610603403/picture?type=large'),(813,1468,'Lorenza Azer',674693792599081,'f','http://graph.facebook.com/674693792599081/picture?type=large'),(814,1516,'Giulia Meucci',426348624187004,'f','http://graph.facebook.com/426348624187004/picture?type=large'),(815,1500,'Fatima Haida',10202187351085125,'f','http://graph.facebook.com/10202187351085125/picture?type=large'),(816,1500,'Alessandro Leoni',969307006427581,'m','http://graph.facebook.com/969307006427581/picture?type=large'),(817,1500,'Filippo Zocco',955290471181970,'m','http://graph.facebook.com/955290471181970/picture?type=large'),(818,1500,'Bryan Andaya',879982145363753,'m','http://graph.facebook.com/879982145363753/picture?type=large'),(819,1500,'Jonathan Pavani',10203091922354312,'m','http://graph.facebook.com/10203091922354312/picture?type=large'),(820,1500,'Federico Aielli',376761585832140,'m','http://graph.facebook.com/376761585832140/picture?type=large'),(821,1500,'Brenno Edoardo Bellano',933380533373246,'m','http://graph.facebook.com/933380533373246/picture?type=large'),(822,1500,'Federica Napolitano',750901334985050,'f','http://graph.facebook.com/750901334985050/picture?type=large'),(823,1500,'Matteo Sandrin',919451458065799,'m','http://graph.facebook.com/919451458065799/picture?type=large'),(824,1500,'Lorenzo Gurrado',1468745343360397,'m','http://graph.facebook.com/1468745343360397/picture?type=large'),(825,1500,'Valerio Firmano',671328869657203,'m','http://graph.facebook.com/671328869657203/picture?type=large'),(826,1500,'Matteo Lyon',496564213818628,'m','http://graph.facebook.com/496564213818628/picture?type=large'),(827,1516,'Bianca Garrasi',796693860396089,'f','http://graph.facebook.com/796693860396089/picture?type=large'),(828,1500,'Matteo Russo',734962083260904,'m','http://graph.facebook.com/734962083260904/picture?type=large'),(829,1500,'Davide Giuliani',773426819395946,'m','http://graph.facebook.com/773426819395946/picture?type=large'),(830,1484,'Erica Mc Buccino',376396772536595,'f','http://graph.facebook.com/376396772536595/picture?type=large'),(831,1516,'Alessandra Alocarni',850698875022034,'f','http://graph.facebook.com/850698875022034/picture?type=large'),(832,1500,'Noemi Poggiani',871859742854469,'f','http://graph.facebook.com/871859742854469/picture?type=large'),(833,1500,'Adriano Olivieri',1564130840483838,'m','http://graph.facebook.com/1564130840483838/picture?type=large'),(834,1500,'Simone Granatello',724559804303162,'m','http://graph.facebook.com/724559804303162/picture?type=large'),(835,1500,'Tommaso Zaini',918683634831946,'m','http://graph.facebook.com/918683634831946/picture?type=large'),(836,1500,'Francesco Rustioni',657682314344794,'m','http://graph.facebook.com/657682314344794/picture?type=large'),(837,1484,'Silvia Ambrosini',663098587139327,'f','http://graph.facebook.com/663098587139327/picture?type=large'),(838,1500,'Giacomo Lampertico',934668143227473,'m','http://graph.facebook.com/934668143227473/picture?type=large'),(839,1500,'Manfre Scattoni',886185074744622,'m','http://graph.facebook.com/886185074744622/picture?type=large'),(840,1516,'Anna Accialini',767816406620843,'f','http://graph.facebook.com/767816406620843/picture?type=large'),(841,1500,'Edoardo Pesenti',721437311266604,'m','http://graph.facebook.com/721437311266604/picture?type=large'),(842,1500,'Francesco Barontini',728557193879292,'m','http://graph.facebook.com/728557193879292/picture?type=large'),(843,1500,'Pietro Clerici',641946689247427,'m','http://graph.facebook.com/641946689247427/picture?type=large'),(844,1500,'Giorgio Maggiore',786289028085001,'m','http://graph.facebook.com/786289028085001/picture?type=large'),(845,1500,'Martina Fassi',970811142943193,'f','http://graph.facebook.com/970811142943193/picture?type=large'),(846,1500,'Giorgia Chiodo',1032031226824810,'f','http://graph.facebook.com/1032031226824810/picture?type=large'),(847,1500,'Veronica De Franceschi',10204062393659627,'f','http://graph.facebook.com/10204062393659627/picture?type=large'),(848,1500,'Alessia Trentini',825932924146149,'f','http://graph.facebook.com/825932924146149/picture?type=large'),(849,1500,'Laura Pezzoni',624851494286062,'f','http://graph.facebook.com/624851494286062/picture?type=large'),(850,1500,'Giacomo Testori',676494625781748,'m','http://graph.facebook.com/676494625781748/picture?type=large'),(851,1500,'Luca Codagnone',10204324749300842,'m','http://graph.facebook.com/10204324749300842/picture?type=large'),(852,1500,'Ilaria Invernizzi',824948744240548,'f','http://graph.facebook.com/824948744240548/picture?type=large'),(853,1500,'Tomaso Pignatti',807661929308157,'m','http://graph.facebook.com/807661929308157/picture?type=large'),(854,1500,'Laura Salvi',834408456635989,'f','http://graph.facebook.com/834408456635989/picture?type=large'),(855,1500,'Alice Guanetti',10203377812831623,'f','http://graph.facebook.com/10203377812831623/picture?type=large'),(856,1500,'Filippo Frera',962581403760623,'m','http://graph.facebook.com/962581403760623/picture?type=large'),(857,1500,'Alvise Aspesi',604527432992150,'m','http://graph.facebook.com/604527432992150/picture?type=large'),(858,1500,'Alessandra Vercesi',1500990546784463,'f','http://graph.facebook.com/1500990546784463/picture?type=large'),(859,1500,'Davide Tonoletti',637187536354814,'m','http://graph.facebook.com/637187536354814/picture?type=large'),(860,1500,'Lorenzo Scano',859135094145839,'m','http://graph.facebook.com/859135094145839/picture?type=large'),(861,1500,'Alessia Grasso',776139052462770,'f','http://graph.facebook.com/776139052462770/picture?type=large'),(862,1500,'Nina Zanarelli',803959599672491,'f','http://graph.facebook.com/803959599672491/picture?type=large'),(863,1500,'Massimiliano Poletti',930903756949174,'m','http://graph.facebook.com/930903756949174/picture?type=large'),(864,1500,'Marco Riccardi',925115794205130,'m','http://graph.facebook.com/925115794205130/picture?type=large'),(865,1500,'Chiara Fischetti',860825633981016,'f','http://graph.facebook.com/860825633981016/picture?type=large'),(866,1500,'Eleonora Lombardi',814089445302516,'f','http://graph.facebook.com/814089445302516/picture?type=large'),(867,1500,'Costanza Zaffaroni',897995380222518,'f','http://graph.facebook.com/897995380222518/picture?type=large'),(868,1500,'Natalia Giribaldi',735633716554143,'f','http://graph.facebook.com/735633716554143/picture?type=large'),(869,1500,'Diletta Abbondanza',834909329889995,'f','http://graph.facebook.com/834909329889995/picture?type=large'),(870,1484,'Federica Bonatti',653317318036951,'f','http://graph.facebook.com/653317318036951/picture?type=large'),(871,1516,'Clara Hoffer',10204278424912776,'f','http://graph.facebook.com/10204278424912776/picture?type=large'),(872,1484,'Giulia D\'Ambrosio',543224285781571,'f','http://graph.facebook.com/543224285781571/picture?type=large'),(873,1500,'Luca Ferretti',1519592994934599,'m','http://graph.facebook.com/1519592994934599/picture?type=large'),(874,1500,'Pietro Ferretti',10205103917335685,'m','http://graph.facebook.com/10205103917335685/picture?type=large'),(875,1500,'Tommaso Penati',701991889910633,'m','http://graph.facebook.com/701991889910633/picture?type=large'),(876,1500,'Aiman Fari',999333230095370,'m','http://graph.facebook.com/999333230095370/picture?type=large'),(877,1500,'Pietro Fagiolo',806733466088169,'m','http://graph.facebook.com/806733466088169/picture?type=large'),(878,1500,'Enrico Sanfilippo',807472342680387,'m','http://graph.facebook.com/807472342680387/picture?type=large'),(879,1500,'Simone Gangemi',10203787396239453,'m','http://graph.facebook.com/10203787396239453/picture?type=large'),(880,1500,'Carlo Andrea Bassani',10204081931433434,'m','http://graph.facebook.com/10204081931433434/picture?type=large'),(881,1516,'Gaia Borghetto',669174766525304,'f','http://graph.facebook.com/669174766525304/picture?type=large'),(882,1500,'Salvatore Russo',534146863392188,'m','http://graph.facebook.com/534146863392188/picture?type=large'),(883,1532,'Francesca Aldovini',781947735191983,'f','http://graph.facebook.com/781947735191983/picture?type=large'),(884,1484,'Erica Herlin',338131939671909,'f','http://graph.facebook.com/338131939671909/picture?type=large'),(885,1500,'Marika Laccarini',930720160313839,'f','http://graph.facebook.com/930720160313839/picture?type=large'),(886,1500,'Martin V. Chionna',741485652600756,'m','http://graph.facebook.com/741485652600756/picture?type=large'),(887,1500,'Yuri Grecchi',864375036946707,'m','http://graph.facebook.com/864375036946707/picture?type=large'),(888,1500,'Silvia Gherardi',901814919876099,'f','http://graph.facebook.com/901814919876099/picture?type=large'),(889,1500,'Alessia Eulalio',10204009217534256,'f','http://graph.facebook.com/10204009217534256/picture?type=large'),(890,1500,'Saverio Marro',10206218962102126,'m','http://graph.facebook.com/10206218962102126/picture?type=large'),(891,1500,'Simone De Blasio',10205225071819219,'m','http://graph.facebook.com/10205225071819219/picture?type=large'),(892,1484,'Priscilla Pasutto',10205171767086743,'f','http://graph.facebook.com/10205171767086743/picture?type=large'),(893,1500,'Federico Arkanod Gefonti',916699941684099,'m','http://graph.facebook.com/916699941684099/picture?type=large'),(894,1500,'Federico Ranieri',759635314130257,'m','http://graph.facebook.com/759635314130257/picture?type=large'),(895,1500,'Mattia Marra',897955656931126,'m','http://graph.facebook.com/897955656931126/picture?type=large'),(896,1500,'Arianna Di Marco',10205549495109313,'f','http://graph.facebook.com/10205549495109313/picture?type=large'),(897,1500,'Lorenz Mainton',10205806865191559,'m','http://graph.facebook.com/10205806865191559/picture?type=large'),(898,1500,'Gabriele Montefusco',564102617040038,'m','http://graph.facebook.com/564102617040038/picture?type=large'),(899,1500,'Francesco Schemoz',803301653079230,'m','http://graph.facebook.com/803301653079230/picture?type=large'),(900,1500,'Pietro Sanfilippo',842281695817765,'m','http://graph.facebook.com/842281695817765/picture?type=large'),(901,1500,'Andrea Campagnoli',922910184428651,'m','http://graph.facebook.com/922910184428651/picture?type=large'),(902,1500,'Alessandro Moro',797298820319273,'m','http://graph.facebook.com/797298820319273/picture?type=large'),(903,1500,'Matteo Tajana',798136383608772,'m','http://graph.facebook.com/798136383608772/picture?type=large'),(904,1500,'Matteo Avogadro',863667693678827,'m','http://graph.facebook.com/863667693678827/picture?type=large'),(905,1500,'Giorgia Colombo',497589763704771,'f','http://graph.facebook.com/497589763704771/picture?type=large'),(906,1500,'Lorenzo Marangoni',870618689671942,'m','http://graph.facebook.com/870618689671942/picture?type=large'),(907,1500,'Giorgio Fabris',859689577427647,'m','http://graph.facebook.com/859689577427647/picture?type=large'),(908,1500,'Federico Pepe',10203702051980334,'m','http://graph.facebook.com/10203702051980334/picture?type=large'),(909,1500,'Steven Audit',732282100170510,'m','http://graph.facebook.com/732282100170510/picture?type=large'),(910,1484,'Giulia Veglia',760371347356145,'f','http://graph.facebook.com/760371347356145/picture?type=large'),(911,1516,'Francesca Romani',814789811939198,'f','http://graph.facebook.com/814789811939198/picture?type=large'),(912,1532,'Marina Maltinti',807293136028423,'f','http://graph.facebook.com/807293136028423/picture?type=large'),(913,1500,'Giacomo Belli',10203934897923490,'m','http://graph.facebook.com/10203934897923490/picture?type=large'),(914,1484,'Alessandra Bolchini',10205971960366399,'f','http://graph.facebook.com/10205971960366399/picture?type=large'),(915,1484,'Rachele Seregni',10205199140450631,'f','http://graph.facebook.com/10205199140450631/picture?type=large'),(916,1516,'Alice Frediani',10202586877406379,'f','http://graph.facebook.com/10202586877406379/picture?type=large'),(917,1500,'Riccardo Bonomi',10206403188384406,'m','http://graph.facebook.com/10206403188384406/picture?type=large'),(918,1500,'Riccardo Rapone',432242593605777,'m','http://graph.facebook.com/432242593605777/picture?type=large'),(919,1500,'Luca Sansilvestri',1034037703288550,'m','http://graph.facebook.com/1034037703288550/picture?type=large'),(920,1500,'Luca Zaliani',10206542991483705,'m','http://graph.facebook.com/10206542991483705/picture?type=large'),(921,1500,'Marco Stringhetto',669660456485199,'m','http://graph.facebook.com/669660456485199/picture?type=large'),(922,1500,'Marta Bruno',561770597299690,'f','http://graph.facebook.com/561770597299690/picture?type=large'),(923,1500,'Jacopo Ferrara',875634292447470,'m','http://graph.facebook.com/875634292447470/picture?type=large'),(924,1500,'Flavio Lombardi',10204345751421795,'m','http://graph.facebook.com/10204345751421795/picture?type=large'),(925,1500,'Paola Nebuloni',879994535373343,'f','http://graph.facebook.com/879994535373343/picture?type=large'),(926,1500,'Martina Francesca Pollastri',10203973679960180,'f','http://graph.facebook.com/10203973679960180/picture?type=large'),(927,1500,'Matteo Parodi',10206734896798815,'m','http://graph.facebook.com/10206734896798815/picture?type=large'),(928,1484,'Cecilia Cozzi',10205916269046919,'f','http://graph.facebook.com/10205916269046919/picture?type=large'),(929,1500,'Tommaso Albano',828401380531713,'m','http://graph.facebook.com/828401380531713/picture?type=large'),(930,1500,'Paolo Togo Coletta',10205996615025032,'m','http://graph.facebook.com/10205996615025032/picture?type=large'),(931,1500,'Carolina Sartoris',10200303259142317,'f','http://graph.facebook.com/10200303259142317/picture?type=large'),(932,1500,'Daniela Lancellotti',10206309376393953,'f','http://graph.facebook.com/10206309376393953/picture?type=large'),(933,1516,'Sofia Mondazzi',1083180441708743,'f','http://graph.facebook.com/1083180441708743/picture?type=large'),(934,1484,'Laura Pogliani',10206067505597306,'f','http://graph.facebook.com/10206067505597306/picture?type=large'),(935,1500,'Florinda Pannofino',965701576782677,'f','http://graph.facebook.com/965701576782677/picture?type=large'),(936,1500,'Tommaso Azzigana',1036279946387883,'m','http://graph.facebook.com/1036279946387883/picture?type=large'),(937,1500,'Francesca Zaccone',10205197860460118,'f','http://graph.facebook.com/10205197860460118/picture?type=large'),(938,1500,'Fulvia Caterina Allievi',10203122803981557,'f','http://graph.facebook.com/10203122803981557/picture?type=large'),(939,1500,'Stefano Anselmi',784877274891447,'m','http://graph.facebook.com/784877274891447/picture?type=large'),(940,1516,'Cecilia Colombo',827749983929569,'f','http://graph.facebook.com/827749983929569/picture?type=large'),(941,1500,'Edoardo Bertazzoli',10205075006426197,'m','http://graph.facebook.com/10205075006426197/picture?type=large'),(942,1468,'Emanuela Cozzi',10205415958832029,'f','http://graph.facebook.com/10205415958832029/picture?type=large'),(943,1516,'Sofia Puzzi',10205075701305286,'f','http://graph.facebook.com/10205075701305286/picture?type=large'),(944,1500,'Elisa Restelli',10204261556290910,'f','http://graph.facebook.com/10204261556290910/picture?type=large'),(945,1500,'Luca Schettino',874827835921439,'m','http://graph.facebook.com/874827835921439/picture?type=large'),(946,1500,'Stefania Kirihettige',963718073668693,'f','http://graph.facebook.com/963718073668693/picture?type=large'),(947,1500,'Alberto Pirro',845628892142940,'m','http://graph.facebook.com/845628892142940/picture?type=large'),(948,1500,'Virginia Zaccone',660898940689575,'f','http://graph.facebook.com/660898940689575/picture?type=large'),(949,1500,'Edoardo Camisa',941329685879182,'m','http://graph.facebook.com/941329685879182/picture?type=large'),(950,1500,'Carlo Agugini',10203950934549708,'m','http://graph.facebook.com/10203950934549708/picture?type=large'),(951,1500,'Alessandra Catenazzo',880541915322070,'f','http://graph.facebook.com/880541915322070/picture?type=large'),(952,1500,'Giacomo Colombo',4739006128794,'m','http://graph.facebook.com/4739006128794/picture?type=large'),(953,1500,'Alberto Steiner',808306159255801,'m','http://graph.facebook.com/808306159255801/picture?type=large'),(954,1500,'Giacomo Broglia',10205942963757481,'m','http://graph.facebook.com/10205942963757481/picture?type=large'),(955,1500,'Margherita Macchi',10203409582744586,'f','http://graph.facebook.com/10203409582744586/picture?type=large'),(956,1500,'Ludovica Ceola',773360372720444,'f','http://graph.facebook.com/773360372720444/picture?type=large'),(957,1500,'Martina Giordani',10203292566709447,'f','http://graph.facebook.com/10203292566709447/picture?type=large'),(958,1500,'Antonio Maria Donato',10203808267720015,'m','http://graph.facebook.com/10203808267720015/picture?type=large'),(959,1500,'Elena Mondazzi',875937212468512,'f','http://graph.facebook.com/875937212468512/picture?type=large'),(960,1500,'Alessandro Donato',944439985577334,'m','http://graph.facebook.com/944439985577334/picture?type=large'),(961,1500,'Enrico Cossu DeGennaro',844354372253922,'m','http://graph.facebook.com/844354372253922/picture?type=large'),(962,1500,'Andrea Canepa',10202983227840372,'m','http://graph.facebook.com/10202983227840372/picture?type=large'),(963,1484,'Lavinia Gilardoni',10206255520617526,'f','http://graph.facebook.com/10206255520617526/picture?type=large'),(964,1500,'Pietro Guglielmi',10202820398342290,'m','http://graph.facebook.com/10202820398342290/picture?type=large'),(965,1516,'Silvia Restucci',876034899124882,'f','http://graph.facebook.com/876034899124882/picture?type=large'),(966,1500,'Elena Puzzi',792666240802624,'f','http://graph.facebook.com/792666240802624/picture?type=large'),(967,1500,'Angelica Pirro',635993093187162,'f','http://graph.facebook.com/635993093187162/picture?type=large'),(968,1484,'Chiara Regalia',955235534501256,'f','http://graph.facebook.com/955235534501256/picture?type=large'),(969,1500,'Niccolò Martinoli',10205016899695125,'m','http://graph.facebook.com/10205016899695125/picture?type=large'),(970,1500,'Andrea Pollastri',893935890626054,'m','http://graph.facebook.com/893935890626054/picture?type=large'),(971,1516,'Margherita Mauri',1034440379917422,'f','http://graph.facebook.com/1034440379917422/picture?type=large'),(972,1500,'Claudia Sinosich',10204857935880135,'f','http://graph.facebook.com/10204857935880135/picture?type=large'),(973,1500,'Federico Pomè',633945410045702,'m','http://graph.facebook.com/633945410045702/picture?type=large'),(974,1500,'Drome Dario',954036771275233,'m','http://graph.facebook.com/954036771275233/picture?type=large'),(975,1500,'Marco Farioli',791097584291174,'m','http://graph.facebook.com/791097584291174/picture?type=large'),(976,1500,'Francesca Iussi',765269453580114,'f','http://graph.facebook.com/765269453580114/picture?type=large'),(977,1500,'Luca Boccini',10204015279602161,'m','http://graph.facebook.com/10204015279602161/picture?type=large'),(978,1500,'Giulia Vatri',1069208706439711,'f','http://graph.facebook.com/1069208706439711/picture?type=large'),(979,1500,'Mattia Abate',10203219887292094,'m','http://graph.facebook.com/10203219887292094/picture?type=large'),(980,1500,'Loredana Cascarano',1518849161702346,'f','http://graph.facebook.com/1518849161702346/picture?type=large'),(981,1500,'Alessandra Rumor',654226294681395,'f','http://graph.facebook.com/654226294681395/picture?type=large'),(982,1500,'Laura Hoda',990657767618967,'f','http://graph.facebook.com/990657767618967/picture?type=large'),(983,1500,'Camilla Celé',827633743957798,'f','http://graph.facebook.com/827633743957798/picture?type=large'),(984,1500,'Giulia Seveso',921274937914987,'f','http://graph.facebook.com/921274937914987/picture?type=large'),(985,1532,'Eleonora Loira',537089523097389,'f','http://graph.facebook.com/537089523097389/picture?type=large'),(986,1484,'Laura Mazzi',738898416169533,'f','http://graph.facebook.com/738898416169533/picture?type=large'),(987,1484,'Francesca Sini',817300211678514,'f','http://graph.facebook.com/817300211678514/picture?type=large'),(988,1500,'Jacopo Genovese',814542038624953,'m','http://graph.facebook.com/814542038624953/picture?type=large'),(989,1500,'Luca Vignali',742247369193130,'m','http://graph.facebook.com/742247369193130/picture?type=large'),(990,1500,'Elizabeth Middleford',507138226075342,'f','http://graph.facebook.com/507138226075342/picture?type=large'),(991,1500,'Micol Capra',406057489552281,'f','http://graph.facebook.com/406057489552281/picture?type=large'),(992,1500,'Andrea Fontana',517001631771734,'m','http://graph.facebook.com/517001631771734/picture?type=large'),(993,1500,'Enrico Buzzabuzza Miccoli',433730100126004,'m','http://graph.facebook.com/433730100126004/picture?type=large'),(994,1500,'Kora Tristan Montemagno',809371352473139,'f','http://graph.facebook.com/809371352473139/picture?type=large'),(995,1500,'Giacomo Menegotto',586339251508245,'m','http://graph.facebook.com/586339251508245/picture?type=large'),(996,1500,'Lucrezia Salvi',877543688976704,'f','http://graph.facebook.com/877543688976704/picture?type=large'),(997,1500,'Federico D\'Ambrosio',651389698298204,'m','http://graph.facebook.com/651389698298204/picture?type=large'),(998,1500,'Patrick Miracola',851909388218542,'m','http://graph.facebook.com/851909388218542/picture?type=large'),(999,1500,'Isabella Dancs',748528978569044,'f','http://graph.facebook.com/748528978569044/picture?type=large'),(1000,1500,'Luca Federico Scuri',414803748694234,'m','http://graph.facebook.com/414803748694234/picture?type=large'),(1001,1500,'Stefano Monti',675489075888472,'m','http://graph.facebook.com/675489075888472/picture?type=large'),(1002,1500,'Simone Russo',851838614875472,'m','http://graph.facebook.com/851838614875472/picture?type=large'),(1003,1500,'Greta Galavotti',391235274397000,'f','http://graph.facebook.com/391235274397000/picture?type=large'),(1004,1500,'Sara Piovani',799991800094572,'f','http://graph.facebook.com/799991800094572/picture?type=large'),(1005,1500,'Rodolfo Casale',958188834199800,'m','http://graph.facebook.com/958188834199800/picture?type=large'),(1006,1500,'Luca Scopelliti',876159515777572,'m','http://graph.facebook.com/876159515777572/picture?type=large'),(1007,1500,'Luca Acquaviva',10205068146722296,'m','http://graph.facebook.com/10205068146722296/picture?type=large'),(1008,1500,'Giorgio Benfe Sbanfer',10206451042617647,'m','http://graph.facebook.com/10206451042617647/picture?type=large'),(1009,1500,'Alessandro Rajola',10203240063234948,'m','http://graph.facebook.com/10203240063234948/picture?type=large'),(1010,1500,'Alessandro Rizzi',814883775226674,'m','http://graph.facebook.com/814883775226674/picture?type=large'),(1011,1500,'Eleonora Bellagamba',383306341856049,'f','http://graph.facebook.com/383306341856049/picture?type=large'),(1012,1500,'Leonardo Zhu',558455297626935,'m','http://graph.facebook.com/558455297626935/picture?type=large'),(1013,1468,'Greta Galavotti',868544589871652,'f','http://graph.facebook.com/868544589871652/picture?type=large'),(1014,1500,'Francesco Troisi',714424018652722,'m','http://graph.facebook.com/714424018652722/picture?type=large'),(1015,1500,'Sho Oniki',752803751500109,'m','http://graph.facebook.com/752803751500109/picture?type=large'),(1016,1500,'Niuel Virrey',760649467314110,'m','http://graph.facebook.com/760649467314110/picture?type=large'),(1017,1500,'Francesca Callà',974125385947421,'f','http://graph.facebook.com/974125385947421/picture?type=large'),(1018,1500,'Simo Piane',871235686256260,'m','http://graph.facebook.com/871235686256260/picture?type=large'),(1019,1500,'Davide Attanasio',655833517861941,'m','http://graph.facebook.com/655833517861941/picture?type=large'),(1020,1500,'Cristina Elli',10205212939795832,'f','http://graph.facebook.com/10205212939795832/picture?type=large'),(1021,1500,'Stefano Restelli Nicola',1738845299673061,'m','http://graph.facebook.com/1738845299673061/picture?type=large'),(1022,1500,'Alexandra Irimia',1586932061522622,'f','http://graph.facebook.com/1586932061522622/picture?type=large'),(1023,1500,'Stefano Monti',349266021932201,'m','http://graph.facebook.com/349266021932201/picture?type=large'),(1024,1500,'Vittorio Grasso',100004492470733,'m','http://graph.facebook.com/100004492470733/picture?type=large'),(1025,1500,'Pietro Roberta Lupescu',565777576891587,'m','http://graph.facebook.com/565777576891587/picture?type=large'),(1026,1500,'Francesco Elli',574003942733789,'m','http://graph.facebook.com/574003942733789/picture?type=large'),(1027,1500,'Davide Viganò',652784121509790,'m','http://graph.facebook.com/652784121509790/picture?type=large'),(1028,1500,'Federico Legnani',737344996383468,'m','http://graph.facebook.com/737344996383468/picture?type=large'),(1029,1500,'Pietro Franceschi',753075398139414,'m','http://graph.facebook.com/753075398139414/picture?type=large'),(1030,1500,'Stefano Emanuele Braschi',657376211038909,'m','http://graph.facebook.com/657376211038909/picture?type=large'),(1031,1532,'Cristina Bertelli',870374429700067,'f','http://graph.facebook.com/870374429700067/picture?type=large'),(1032,1500,'Sabrina Raho',895784083816503,'f','http://graph.facebook.com/895784083816503/picture?type=large'),(1033,1500,'Giovanni Gandini',783272951725806,'m','http://graph.facebook.com/783272951725806/picture?type=large'),(1034,1500,'Adele Zaini',872241526151261,'f','http://graph.facebook.com/872241526151261/picture?type=large'),(1035,1500,'Marie Ndoj',805864962786723,'f','http://graph.facebook.com/805864962786723/picture?type=large'),(1036,1500,'Andrea Scavone',1086302184729229,'m','http://graph.facebook.com/1086302184729229/picture?type=large'),(1037,1500,'Alessandro Pedu Peduzzi',883643101659203,'m','http://graph.facebook.com/883643101659203/picture?type=large'),(1038,1516,'Chiara Bassetto',895158383840153,'f','http://graph.facebook.com/895158383840153/picture?type=large'),(1039,1500,'Francesco Savazzi',10203522969867533,'m','http://graph.facebook.com/10203522969867533/picture?type=large'),(1040,1500,'Filippo Gori',10203566930965028,'m','http://graph.facebook.com/10203566930965028/picture?type=large'),(1041,1500,'Michele Lucherini',10205691210863240,'m','http://graph.facebook.com/10205691210863240/picture?type=large'),(1042,1500,'Luca Riva',10205162868212974,'m','http://graph.facebook.com/10205162868212974/picture?type=large'),(1043,1500,'Francesco Bolliger',10203268770221286,'m','http://graph.facebook.com/10203268770221286/picture?type=large');
/*!40000 ALTER TABLE `facemash_user` ENABLE KEYS */;
UNLOCK TABLES;

--
-- Table structure for table `polls_choice`
--

DROP TABLE IF EXISTS `polls_choice`;
/*!40101 SET @saved_cs_client     = @@character_set_client */;
/*!40101 SET character_set_client = utf8 */;
CREATE TABLE `polls_choice` (
  `id` int(11) NOT NULL AUTO_INCREMENT,
  `choice_text` varchar(200) NOT NULL,
  `votes` int(11) NOT NULL,
  `question_id` int(11) NOT NULL,
  PRIMARY KEY (`id`),
  KEY `polls_choice_7aa0f6ee` (`question_id`),
  CONSTRAINT `polls_choice_question_id_246c99a640fbbd72_fk_polls_question_id` FOREIGN KEY (`question_id`) REFERENCES `polls_question` (`id`)
) ENGINE=InnoDB DEFAULT CHARSET=utf8;
/*!40101 SET character_set_client = @saved_cs_client */;

--
-- Dumping data for table `polls_choice`
--

LOCK TABLES `polls_choice` WRITE;
/*!40000 ALTER TABLE `polls_choice` DISABLE KEYS */;
/*!40000 ALTER TABLE `polls_choice` ENABLE KEYS */;
UNLOCK TABLES;

--
-- Table structure for table `polls_question`
--

DROP TABLE IF EXISTS `polls_question`;
/*!40101 SET @saved_cs_client     = @@character_set_client */;
/*!40101 SET character_set_client = utf8 */;
CREATE TABLE `polls_question` (
  `id` int(11) NOT NULL AUTO_INCREMENT,
  `question_text` varchar(200) NOT NULL,
  `pub_date` datetime(6) NOT NULL,
  PRIMARY KEY (`id`)
) ENGINE=InnoDB DEFAULT CHARSET=utf8;
/*!40101 SET character_set_client = @saved_cs_client */;

--
-- Dumping data for table `polls_question`
--

LOCK TABLES `polls_question` WRITE;
/*!40000 ALTER TABLE `polls_question` DISABLE KEYS */;
/*!40000 ALTER TABLE `polls_question` ENABLE KEYS */;
UNLOCK TABLES;

--
-- Table structure for table `social_post`
--

DROP TABLE IF EXISTS `social_post`;
/*!40101 SET @saved_cs_client     = @@character_set_client */;
/*!40101 SET character_set_client = utf8 */;
CREATE TABLE `social_post` (
  `id` int(11) NOT NULL AUTO_INCREMENT,
  `post_date` datetime(6) NOT NULL,
  `post_text` varchar(200) NOT NULL,
  `post_user_id` int(11) NOT NULL,
  `post_kudos` int(11) NOT NULL,
  PRIMARY KEY (`id`),
  KEY `social_post_eca9472e` (`post_user_id`),
  CONSTRAINT `social_post_post_user_id_d45f7680e13a1be_fk_social_user_id` FOREIGN KEY (`post_user_id`) REFERENCES `social_user` (`id`)
) ENGINE=InnoDB DEFAULT CHARSET=utf8;
/*!40101 SET character_set_client = @saved_cs_client */;

--
-- Dumping data for table `social_post`
--

LOCK TABLES `social_post` WRITE;
/*!40000 ALTER TABLE `social_post` DISABLE KEYS */;
/*!40000 ALTER TABLE `social_post` ENABLE KEYS */;
UNLOCK TABLES;

--
-- Table structure for table `social_user`
--

DROP TABLE IF EXISTS `social_user`;
/*!40101 SET @saved_cs_client     = @@character_set_client */;
/*!40101 SET character_set_client = utf8 */;
CREATE TABLE `social_user` (
  `id` int(11) NOT NULL AUTO_INCREMENT,
  `username` varchar(20) NOT NULL,
  `password` varchar(50) NOT NULL,
  `first_name` varchar(20) NOT NULL,
  `last_name` varchar(20) NOT NULL,
  PRIMARY KEY (`id`)
) ENGINE=InnoDB DEFAULT CHARSET=utf8;
/*!40101 SET character_set_client = @saved_cs_client */;

--
-- Dumping data for table `social_user`
--

LOCK TABLES `social_user` WRITE;
/*!40000 ALTER TABLE `social_user` DISABLE KEYS */;
/*!40000 ALTER TABLE `social_user` ENABLE KEYS */;
UNLOCK TABLES;
/*!40103 SET TIME_ZONE=@OLD_TIME_ZONE */;

/*!40101 SET SQL_MODE=@OLD_SQL_MODE */;
/*!40014 SET FOREIGN_KEY_CHECKS=@OLD_FOREIGN_KEY_CHECKS */;
/*!40014 SET UNIQUE_CHECKS=@OLD_UNIQUE_CHECKS */;
/*!40101 SET CHARACTER_SET_CLIENT=@OLD_CHARACTER_SET_CLIENT */;
/*!40101 SET CHARACTER_SET_RESULTS=@OLD_CHARACTER_SET_RESULTS */;
/*!40101 SET COLLATION_CONNECTION=@OLD_COLLATION_CONNECTION */;
/*!40111 SET SQL_NOTES=@OLD_SQL_NOTES */;

-- Dump completed on 2015-04-04  9:55:32
