Name;Id;Country
Francesca;1410459552603161;IT
Tommaso;1480285152216050;IT
Profilo;1402440440072517;IT
Nicolò;368131946728364;IT
Edoardo;745980682163973;IT
Camilla;552432954897212;IT
Emanuele;10205125803159019;IT
Veronıca;817183401659784;IT
Viola;803413263035015;IT
Luis;10201965990911243;IT
Camilla;764643146977070;IT
Luca;1419231865057407;IT
Francesco;1437910116501466;IT
Irene;1537494303193378;IT
Nicolò;306331589575112;IT
Davide;453029448180063;IT
Francesco;10203144829081501;IT
Ludo;804698956284656;IT
Filippo;1570002769942442;IT
Lapo;1586642221548319;IT
Tommaso;348938785295797;IT
Alessandro;427499110729959;IT
Andrea;455860641239812;IT
Alessandro;563824117096705;IT
Bianca;1586788058229817;IT
Loredan;1609241569291118;IT
Nicolò;1563828637215376;IT
Lorenzo;1433488616944110;IT
Giorgia;1525673497688304;IT
Alessia;379805002182782;IT
Aurora;421603958003926;IT
Matteo;1572955889644453;IT
Tamila;339464692876868;IT
Nicola;729059503879310;IT
Samuele;1625740927648527;IT
Sofia;546110748844068;IT
Martina;1471403809805068;IT
Silvia;331695876987107;IT
Sabrina;872187112840626;IT
Matteo;376471695872335;IT
Andrea;1508516952746678;IT
Gualtiero;818664958201315;IT
Mirko;1418857451745640;IT
Alice;821050964643078;IT
Flux;1525067014446058;IT
Michele;796307290458225;IT
Alessandro;826836597353084;IT
Sara;677391939037227;IT
Elena;1494090230830881;IT
Francesco;400149733460698;IT
Mattia;840142942718205;IT
Michele;989820811046488;IT
Andrei;748417591878274;IT
Valerio;10203843209146762;IT
Matteo;928170780533892;IT
Federico;461558620663149;IT
Gabriel;814541495307329;IT
Simone;1098051740220834;IT
Gianluca;618749251603806;IT
Chiara;423715621100422;IT
Alessandro;351257945031903;IT
Federico;1581078092140582;IT
Livia;720309988008088;IT
Leonardo;803667203020054;IT
Alessandro;10201806212347545;IT
Annachiara;410581932453026;IT
Chiara;889162371150905;IT
Claudia;858772717497407;IT
Gaia;1608295839388558;IT
Federico;768960883158709;IT
Arianna;554205254716249;IT
Diana;858685230843874;IT
Vittoria;408240789356054;IT
Beatrice;811938935554206;IT
Elisa;631576423630727;IT
Ludovico;677084765747676;IT
Marco;1600593756821798;IT
Paola;312904418856505;IT
Alessandro;1588679368048682;IT
Alberto;1535741876694915;IT
Paolo;394283504058169;IT
Alessandro;491758140927359;IT
Vitto;1708990329327618;IT
Anna;432694276894519;IT
Leonardo;976715972362301;IT
Gabriele;1584537811793624;IT
Valentina;839837216052240;IT
Pietro;10203884306246300;IT
Daniele;910613935657720;IT
Chiara;10203127477822934;IT
Lorenzo;552043314927496;IT
Carolina;886085591414836;IT
Jacopo;952787838082927;IT
Marco;638782489524705;IT
Claudia;818318661558379;IT
Andrea;798216553599878;IT
Francesca;10203986333197953;IT
Filippo;855270824546612;IT
Tommaso;738714086178302;IT
Alice;792085317537196;IT
Matteo;440672166107654;IT
Giuls;856793984366692;IT
Tommaso;964331160267331;IT
Mara;1619686881586033;IT
Fatima;10204348468860391;IT
Fabio;762409573829594;IT
Luca;329237390564552;IT
Riccardo;1811999002357989;IT
Mattia;1554918811390759;IT
Josè;560344940766578;IT
Matteo;1022357104458385;IT
Nataly;300276470182198;IT
Arianna;1583007741939779;IT
Riccardo;319350981577936;IT
Tommaso;1713676375526040;IT
Simone;450113105141713;IT
Alfredo;780845962023505;IT
Flavia;921339057917395;IT
Sofia;680455742077830;IT
Pietro;10203900812220722;IT
Stefano;1511324522461575;IT
Alessandro;675404275920789;IT
Pietro;10202054481911208;IT
Valentina;751964608244268;IT
Andrea;10205543290206167;IT
Luca;375833829276465;IT
Luigi;10205839022162042;IT
Alessandro;1094032813957315;IT
Maria;567856166680819;IT
Maria;645524185556953;IT
Michele;332006943653432;IT
Sofia;613722375430697;IT
Sebastiano;1562265614049667;IT
Angelo;1621873421378329;IT
Mauro;718593748202787;IT
Marta;1560139844218505;IT
Federica;1553290098271598;IT
Lorenzo;1590983237817002;IT
Claudia;1548029795439772;IT
Alessia;1664289860466749;IT
Oscar;1544315842449463;IT
Anna;1613634082183220;IT
Edoardo;358268827712476;IT
Xirina;606658749440334;IT
Karen;970158346384310;IT
Sofia;462349830596266;IT
Beatrice;864856676914325;IT
Yuri;361658280663059;IT
Lorenzo;688500627901135;IT
Chiara;1572763936313243;IT
Carlo;403953793097041;IT
Giuseppe;10204189194683462;IT
Francesco;10205826676447538;IT
Alessia;1524729781109193;IT
Miriam;10202451884456809;IT
Francesco;381364998669507;IT
Tommaso;679598952127619;IT
Giuditta;673098182836120;IT
Tommaso;979594722080604;IT
Carolina;803600699698734;IT
Camilla;381199188724042;IT
Eleonora;623674751110747;IT
Martina;978705192141758;IT
Luigi;10206152502082077;IT
Eugenio;10205367775107755;IT
Michela;10205731480634803;IT
Claudio;1067515659941606;IT
Fabio;10203817790671386;IT
Alessandro;864190823622875;IT
Sergio;975286769148943;IT
Riccardo;10203774987008580;IT
GM;462928650522181;IT
Andrea;882879701729240;IT
Massimiliano;643397185804810;IT
Daniele;10206531045903092;IT
Mauro;432304290277955;IT
Monica;1801220083435579;IT
Jacopo;921806724505060;IT
Andrea;705921119518367;IT
Jasmine;755540597871212;IT
Francesco;844278845624656;IT
Giulia;936521759711787;IT
Americo;10206766905553855;IT
Luca;1081536948539717;IT
Federico;913359958674135;IT
Andrea;10205562561814236;IT
Federica;10203014452783195;IT
Eleonora;777645805663935;IT
Chiara;535106859948774;IT
Ilaria;664024767054023;IT
Mattia;530642180395212;IT
Sara;10203951765622442;IT
Andrea;404808739680059;IT
Silvia;743704962417438;IT
Fabio;941365215877961;IT
Chiara;1805935089631889;IT
Marco;1019358701411528;IT
Razvan;10203722932378210;IT
Victor;738383916280065;IT
Laura;10205633600620068;IT
Simone;595398860587400;IT
Guido;813591462027904;IT
Andrea;638684136260092;IT
Davide;866723766712757;IT
Vanessa;483651258439153;IT
Matteo;913850088657178;IT
Giulio;1458565377711686;IT
Nicola;802324266483801;IT
Francesco;876819775743771;IT
Luca;721112608002566;IT
Daria;10205759185568392;IT
Michele;10203947434432322;IT
Lorenzo;691152300938571;IT
Dario;10204851586956804;IT
Marta;736622123124029;IT
Matteo;10206367983539495;IT
Beatrice;1559873084268453;IT
Enrico;852829171419845;IT
Federica;453956841427434;IT
Giacomo;880247502042755;IT
Koda;10152109284162127;IT
Giovanni;758425810908821;IT
Giacobbe;680785112007105;IT
Alessandro;337796506375397;IT
Sofia;1556344627932644;IT
Simone;414753198699454;IT
Luigi;638967566229911;IT
Andrea;10200366405159789;IT
Alessia;907521079311920;IT
Alfred;10202990250989066;IT
DavideSbriglio;10202510090133049;IT
Ilaria;832418153435445;IT
Larissa;793317244090938;IT
Greg;1030572426957140;IT
Filippo;780424125387597;IT
Matteo;843633345698049;IT
Alessandro;714061465373494;IT
Paolo;855164964525370;IT
Filippo;778238825577585;IT
Filippo;919638264722936;IT
Marco;10203712561757266;IT
Davide;635257823247190;IT
Caterina;1081163458566688;IT
Luca;868372879889723;IT
Matteo;762145607214294;IT
Germano;816571205075372;IT
Alessandro;10203603430182055;IT
Alexandra;10205800488001975;IT
Ylenia;678088118981149;IT
Aurora;714556988657296;IT
Fabio;806584636087671;IT
Camilla;878156292231303;IT
Jacopo;10203628878825932;IT
Lorenzo;10152784442343652;IT
Luca;1057024927640889;IT
Marco;880627018667972;IT
Silvia;937256686319643;IT
Manuel;933724113325527;IT
Pietro;531325117012985;IT
Federica;1610081362556246;IT
Claudio;10205369026453979;IT
Matteo;820083544751600;IT
Marco;414251528734279;IT
Baschi;791744470893627;IT
Beatrice;1577177329169830;IT
Greta;612728768871799;IT
Ana;932570876755017;IT
Stefano;985518704810090;IT
Clara;526343237503952;IT
Giovanni;10203988384285455;IT
Marta;825617377525097;IT
Elisa;784431738341035;IT
Diana;849941681693282;IT
Chiara;473507459454435;IT
Diana;861912777194504;IT
Noemi;622661294526903;IT
Cesare;962389853771900;IT
Francesca;10206711427327035;IT
Leonardo;829847567102653;IT
Sara;881669918531730;IT
Andreea;720614198061063;IT
Angela;894980877213300;IT
Teresa;984129218273045;IT
Martina;882132531833617;IT
Gabriele;678897518895241;IT
Serena;10205516431620821;IT
Marina;962861377081401;IT
Oliviero;689364081172884;IT
Martina;1452044958400501;IT
Sofia;699613540091767;IT
Chiara;342302512588948;IT
Martina;560991020694123;IT
Arianna;804699029605749;IT
Jordan;10205215602582285;IT
Federico;10202100080058494;IT
Katry;10204991782046582;IT
Mirko;795493873851800;IT
Matilde;814379398631502;IT
Linda;891269714258504;IT
Ilaria;10205282032198000;IT
Ginevra;739399246179787;IT
Biscuttu;825148987535531;IT
Andrea;877585125639713;IT
Elia;807524395992789;IT
Christian;711455272286900;IT
Igor;10203105711872291;IT
Eduardo;711066902312284;IT
Marco;958224310868731;IT
Clo;728915380525006;IT
Luca;786394894772087;IT
Stefano;865760173475972;IT
Alessandro;10202912185764610;IT
Silvia;957172894293097;IT
Yashil;695776650530790;IT
Gnammi;821260321282970;IT
Riccardo;744074669011190;IT
Lawrence;881122861944011;IT
Filippo;684055988406875;IT
Greta;779860902063228;IT
Francesca;836471689703917;IT
Chiara;745486455569695;IT
Maria;715320915243545;IT
Laura;10203892742267610;IT
Pamela;810974112295747;IT
Erica;736302939791355;IT
Davide;1100753809950610;IT
Dianne;891701907538223;IT
Francesca;1031907863489364;IT
Alessio;934386086591138;IT
Alessia;797708530305963;IT
Elisa;10204294610220871;IT
Giulia;10200229815826306;IT
Gianluca;690748994316090;IT
Tommaso;671030306376121;IT
Filippo;1569255490012019;IT
Stefania;351972248335765;IT
Lorenzo;10205123326945687;IT
Gianmaria;806467166101529;IT
Giulia;680786532048062;IT
Matteo;671705352955837;IT
Leonardo;1570084459902200;IT
Simone;440882816052265;IT
Davide;921314371246700;IT
Michele;879283508804717;IT
Camilla;10202827647159165;IT
Andrea;10204080942880154;IT
Luca;10203343449418100;IT
Michele;10206262038699128;IT
Leonardo;901251286602759;IT
Mario;10203287735028137;IT
Tommaso;822124794518969;IT
Elena;1116404948377018;IT
Licia;971478716204134;IT
Martina;403028109862772;IT
Veronica;448063535345143;IT
Alessia;755157221243376;IT
Simone;628985900578916;IT
Simone;763361257077208;IT
Andrea;10206557664649102;IT
Margherita;263405137192188;IT
Allegra;426119240883389;IT
Luca;823311227691920;IT
Robin;10203686182614975;IT
Veronica;895392273845728;IT
Francesco;10204277586195002;IT
Giacomo;852333071484023;IT
Giacomo;1573252106219686;IT
Edoardo;10206067836955798;IT
Matteo;10206254008098562;IT
Irene;10203699707322497;IT
Tommaso;779155618803302;IT
Niccolò;311725149024557;IT
Andrea;318217081668950;IT
Luca;971113356232349;IT
Beatrice;755211144586744;IT
Guido;914471578603223;IT
Andrea;1608914219321098;IT
Alberto;266563680202801;IT
Matteo;1627489674154792;IT
Conny;919179801465503;IT
Giacomo;10203117537688371;IT
Claudio;10205487536174688;IT
Martina;896481673726258;IT
Andrea;831494696887429;IT
Anna;10205327413616875;IT
Edoardo;10202687311943073;IT
Talitha;720897304634421;IT
Daniela;10205747730640152;IT
Daniele;10205064037634696;IT
Fabio;10202661703222750;IT
Sara;10205799729820844;IT
Gabriele;10204067779268818;IT
Simo;10205454797722834;IT
Umberto;729484280501846;IT
Lorenzo;10206349322560173;IT
Riccardo;914600188592513;IT
Camilla;10205918434861484;IT
Gaia;1065226523491205;IT
Francesca;10206527793622382;IT
Andrea;10205342778682094;IT
Giacomo;10205758850918835;IT
Gabriele;10204950933195363;IT
Stefano;744535302274854;IT
Marco;338454889642806;IT
Federico;539792796124805;IT
Camilla;10204068447898768;IT
Andrea;870373023019181;IT
Francesco;820274261380671;IT
Eleonora;659127467542797;IT
Ale;10203886074459487;IT
Marco;10204436778295605;IT
Francesco;767299253339283;IT
Federico;953895847956951;IT
Marco;10206069402123073;IT
François;10205232529086756;IT
Chiara;10206286912236750;IT
Andrea;822432214465024;IT
Beatrice;695882800520044;IT
Stefano;803507846401425;IT
Emanuele;10205620744861203;IT
Francesco;10200205715502561;IT
Stefano;10204875711963021;IT
Giacomo;1023197387708151;IT
Alessandro;10205906519813001;IT
Sara;726451974142661;IT
Marta;679189215560097;IT
Giulia;571111136364760;IT
Francesco;784185238315727;IT
Giacomo;1681836805377253;IT
Andrea;10202792457011422;IT
Michela;10205309047397519;IT
Lorenzo;1006993835983832;IT
Andrea;10203855774661409;IT
Un;927676797252801;IT
Riccardo;801204929970786;IT
Elisa;1031680870178714;IT
Matteo;479430808863749;IT
Giorgio;10205402589577491;IT
Christien;10202777600080741;IT
Massimo;10204144419719904;IT
Edoardo;994674563876444;IT
Federico;10202326784250761;IT
Matteo;1002620786424107;IT
Tommaso;10205513956241910;IT
Viola;10205100992861759;IT
Veronica;859596817429790;IT
Sabrina;10204736315145369;IT
Erica;945400192153153;IT
Chiara;1822465497977765;IT
Luca;10205372882947359;IT
Daniel;10152407291823910;IT
Giacomo;423615197815560;IT
Andrea;1644862259077500;IT
Riccardo;979510792063041;IT
Alessandro;723033687817603;IT
Edoardo;722468001123391;IT
Urvashi;835020676555868;IT
Emilio;791670564248859;IT
Davide;955764587771561;IT
Marco;10203898586245484;IT
Filippo;10204247696044857;IT
Andrea;10205573583876742;IT
Ilaria;1100589906633525;IT
Marco;635064276625417;IT
Luca;869784923062210;IT
Alessandro;280724512136227;IT
Alberto;624613757670750;IT
Gabriele;947699961915596;IT
Silvia;10205024441443910;IT
Tiziana;10205465525070719;IT
Sara;10205299167748240;IT
Alessandro;10204457940110151;IT
Amir;775347165854262;IT
Silvia;4608489748215;IT
Luca;10205043961032528;IT
Simona;10205042468974131;IT
Alice;874620459250661;IT
Francesca;1642358055983786;IT
Nikki;930832966967303;IT
Marti;856825887681878;IT
Matteo;338758282994305;IT
Matteo;1825801390977811;IT
Giacomo;826290640772455;IT
Alluce;848114141928722;IT
Alessandro;10203832769764325;IT
Marco;636550133141916;IT
Loris;807233449367264;IT
Filippo;10202826868467654;IT
Giacomo;938344819539766;IT
Gio;10205866577967516;IT
Tommaso;878840718820644;IT
Federico;805320079547292;IT
Martina;660922483977196;IT
Gianluca;10204931362896691;IT
Luca;962898723753201;IT
Chiara;696803000417298;IT
Marina;735327326540234;IT
Moutaz;799984663404402;IT
Stefano;10202116993711605;IT
Simone;952538528120384;IT
Marwa;939020006108712;IT
Elisa;1617860185100719;IT
Marta;867649966624560;IT
Matteo;879562012090264;IT
Chiara;1038970619449823;IT
Marta;825993304135443;IT
Ilaria;10203650598050915;IT
Mattia;10203255728228001;IT
Niccolò;10201102844053103;IT
Marta;10205114120585123;IT
Luca;941279479215770;IT
Chiara;783293391738788;IT
Chiara;315029788688777;IT
Tommaso;409838929195352;IT
Livia;889018924492616;IT
Beatrice;750350848331215;IT
Sara;409016562587588;IT
Giulio;801962403172686;IT
Matteo;839620492726891;IT
Irene;875767372482856;IT
Davide;948114788541263;IT
Laura;736206006496556;IT
Andrea;847815185255601;IT
Arianna;10202554243835831;IT
Chiara;10204248789319893;IT
Tobia;871364456220046;IT
Gabriele;1093896807302592;IT
Federica;10204859830322998;IT
Federica;10205177109820794;IT
Matteo;386483568198636;IT
Christian;762165590528894;IT
Gabriele;699468950117910;IT
Bordac;780603432003040;IT
Federico;892913687435453;IT
Gabriele;10203471935193490;IT
Karina;10205426682179565;IT
Benedetta;10205743265843678;IT
Mariangela;10204242652047501;IT
Matteo;756616217785249;IT
Katalin;834043523337104;IT
Ifraax;856744184384422;IT
Ivan;775519449172707;IT
Enrico;916101221773925;IT
Yun;963091313716119;IT
Fabio;970056503013276;IT
Francesco;968027123209835;IT
Riccardo;935671773111379;IT
Enio;966087983401612;IT
Luca;971892616154292;IT
Andrea;10202827425205868;IT
Carlo;10205251529882118;IT
Francesca;10206164678026337;IT
Erika;10203734571312387;IT
Alberto;10205563875843744;IT
Roberto;10204901999568856;IT
Chiara;10203409069805794;IT
Margherita;943052915714364;IT
Chiara;403939919780897;IT
Marta;631017447042777;IT
Eleonora;689353784496693;IT
Ilaria;697785703630684;IT
Emma;10203964199483258;IT
Chiara;694005737374809;IT
Andrea;939033512796180;IT
Sara;889851504390071;IT
Federica;371945352979982;IT
Guglielmo;659337957523063;IT
Beatrice;699989346747255;IT
Yuri;736582026431559;IT
Yuri;379632988869865;IT
Federica;536581143150746;IT
Gaia;781498638579147;IT
Nicolò;797299790350570;IT
Gabriele;576666015810472;IT
Andrea;774685442608353;IT
Carlotta;460122364136580;IT
Lorenzo;957987587574682;IT
Clarisse;388461964647117;IT
Giulia;887297171312789;IT
Paride;892132267509453;IT
Federico;860899680622359;IT
Vittoria;861682033894814;IT
Enrico;766362400122557;IT
Tommaso;10202737068588107;IT
Claudio;411809555648837;IT
Valentina;678859032223195;IT
Luca;863688637025642;IT
Maria;867689226635406;IT
Teo;10205342350750478;IT
Pietro;1078252338868452;IT
Gabriele;1084749544884358;IT
Federico;1068797946480701;IT
Luca;899199680111229;IT
Andrea;1110970642261768;IT
Kathleen;753026878099341;IT
Martina;411519822334571;IT
Diogo;982536015109881;IT
Zishun;430637247098627;IT
Ottavia;10204678310331789;IT
Federico;820095764723109;IT
Stefano;791664114245536;IT
Lijia;10206550386266218;IT
Elena;835439903159764;IT
Giulia;10206148624057219;IT
Valentina;870164039713503;IT
Yutao;935034943213696;IT
Daniele;836483816423159;IT
Michele;677103989084647;IT
Alessandro;347640075404318;IT
Ludovica;807532339315688;IT
Alessio;10205787257222070;IT
Beatrice;10204691409902314;IT
Sofia;10205462746360647;IT
Luca;10204620581733087;IT
Sandra;511398862338618;IT
Emilio;348319928706387;IT
Francesca;289905107858647;IT
Davide;799049213513587;IT
Gianluca;817774441607507;IT
Lorenzo;742517805838468;IT
Emanuele;814313641988692;IT
Cirillo;851739674891662;IT
Paolo;741658582584772;IT
Loris;10200104338049019;IT
Ludovico;786153594762389;IT
Carola;715451148550708;IT
Alice;793389384084880;IT
Lorenzo;666143740121729;IT
Gaia;309102722624060;IT
Francesco;886668728052766;IT
Alberto;874441105946528;IT
Enrico;10203392736044763;IT
Massimiliano;865796280118677;IT
Barbara;861639297233663;IT
Isabella;469471369871034;IT
Alejandro;871184192924800;IT
Roberto;962162410470147;IT
Riccardo;984474591563365;IT
Daniele;511809835627962;IT
Alessandro;10200255142817489;IT
Lisa;827128280681086;IT
Bianca;927687837294981;IT
Pietro;10202620638316067;IT
Ivan;867918429946170;IT
Giacomo;701880246585514;IT
Francesco;794447353992382;IT
Alessandro;740357732716555;IT
Alice;732745570178818;IT
Victor;1062235010468887;IT
Edoardo;798295110253759;IT
Pietro;10203831398452285;IT
Rosi;10204431696204757;IT
Raffaele;10204651573601283;IT
Marella;10206572344931676;IT
Francesco;862750643772993;IT
Marco;906999616028754;IT
Jacopo;536661366473289;IT
Bianca;788132371230398;IT
Gian;953823894642171;IT
Milannie;955551647789804;IT
Gaia;1111268658898644;IT
Federica;655518017888384;IT
Lorenzo;734007053364470;IT
Lorenzo;931208246918743;IT
Giovanni;684698591642737;IT
Maria;814752208589721;IT
Elena;10204154199551550;IT
Alessia;702654523148365;IT
Martina;947192501962538;IT
Nikita;10203777213542016;IT
Carlotta;10205861795174411;IT
Francesca;10206453560124008;IT
Caterina;10205425958147006;IT
Aline;863669723683599;IT
Fatime;934434409904327;IT
Sara;10205515894968631;IT
Sara;10206004113572755;IT
Sara;935651709819836;IT
Edoardo;1067923593234642;IT
Alice;10204658237769589;IT
Alice;10203636607667643;IT
Jessica;10205088486705793;IT
Giulio;692912044129153;IT
Pietro;1529847770582923;IT
Ilaria;481017108716381;IT
Rachele;739384012816586;IT
India;447223752106772;IT
Cecilia;632887436842006;IT
Giovanni;10204648867365623;IT
Giovanni;10205515503478589;IT
Guglielmo;730351997063902;IT
Jaysan;1033735289987861;IT
Pietro;10205341585892266;IT
Matteo;816513298435358;IT
Michele;990156094334012;IT
Timoteo;454202248065310;IT
Aurelio;10203832979325132;IT
Valentina;905271376191915;IT
Elisa;845253658826295;IT
Elisa;765945113513375;IT
Federica;10203815889980816;IT
Marta;10204912178431808;IT
Francesca;10206244576577130;IT
Emanuele;935902716454772;IT
Giulia;10203755011777110;IT
Eleonora;902860839724289;IT
Eleonora;10206280461441169;IT
Paolo;10204715911050083;IT
Paolo;10206185512179715;IT
Emile;1063228947037337;IT
Alessandro;10201667148627681;IT
Lorenzo;10205790659832337;IT
Fidia;10206331149378301;IT
Ilaria;10205597072518907;IT
Marie-Claire;10205127924895754;IT
Giorgia;10202555811495199;IT
Lorenzo;1097121190314873;IT
Davide;727981120647960;IT
Davide;10204626546438607;IT
Nicola;812775045475286;IT
Matteo;865491156816906;IT
Matteo;985199521491356;IT
Matteo;900664049997742;IT
Francesca;10200646629284881;IT
Margherita;10206468017083132;IT
Giorgio;10152440327643617;IT
Chiara;892441990777258;IT
Sonia;10204015118844289;IT
Federica;869018946491201;IT
Tommaso;10205425987322892;IT
Chiara;883499391689677;IT
Yuki;907074992639018;IT
Federica;10204498077684669;IT
Cecilia;10206532943071292;IT
Spotted;361897710666864;IT
Paolo;10204048228111622;IT
Carola;10205250529056700;IT
Luca;10202789160758323;IT
Davi;10203597167943844;IT
Arianna;10202965409204911;IT
Francesco;817577611655181;IT
Angelica;751525541581234;IT
Francesca;929881923698802;IT
Elena;462978400524883;IT
Alice;811832032232356;IT
Monica;701973553248013;IT
Nicoletta;424544297708959;IT
Ilan;1031703526858080;IT
Fulvio;828696953868654;IT
Elisabetta;657756997690072;IT
Abigail;870969996282988;IT
Davide;304278299728480;IT
Mattia;744864788934622;IT
Francesca;829581453795318;IT
Federico;879147108798828;IT
Riccardo;10206638576706915;IT
Paolo;921656787885603;IT
Francesca;678282672285184;IT
Francesca;596177490519674;IT
Silvia;1014565948573185;IT
Sara;652355894859624;IT
Claudia;786806628071467;IT
Giulia;835615596506295;IT
Puneet;944143875630434;IT
Michele;957174867625890;IT
Martina;786685668084682;IT
Camilla;912690392116009;IT
Giacomo;881285541935750;IT
Filippo;644427939023284;IT
Guido;10202033440031269;IT
Manuel;992164560800855;IT
Lorenzo;1609243975988405;IT
Tommaso;913979485313570;IT
Matteo;913487945330236;IT
Leonardo;1064406533589452;IT
Martina;774297766018681;IT
MaRta;820099328069253;IT
Paolo;372713139605196;IT
Edoardo;859644414101033;IT
Giorgia;878529025543041;IT
Arianna;802377549812687;IT
Beatrice;583628155114919;IT
Tommaso;481581355327401;IT
Bianca;1573117489620688;IT
Laura;742683889162227;IT
Tommaso;625194027624771;IT
Paola;382860118531269;IT
Giacomo;1114745268551549;IT
Lea;10205084237119719;IT
Cecilia;818491274893051;IT
Cecilia;1088721451154680;IT
Lorenzo;882647191758585;IT
Elisabetta;952188601480252;IT
Nina;894148520647317;IT
Francesco;776270865803050;IT
Luca;10204888430923080;IT
Luca;888789567847679;IT
Luca;10205043775284520;IT
Micol;10204998537354962;IT
Edoardo;10205292343101276;IT
Edoardo;10205345893224241;IT
Fra;812483158774605;IT
Dario;1009224882434663;IT
Beatrice;950087515016503;IT
Margherita;10204699837029849;IT
Francesca;10205288323241343;IT
Tommaso;1114106285281462;IT
Laura;796298047130718;IT
Tommaso;881738935222283;IT
Marco;674144396045392;IT
Silvia;1094276477266192;IT
Cecilia;428875610603403;IT
Lorenza;674693792599081;IT
Giulia;426348624187004;IT
Fatima;10202187351085125;IT
Alessandro;969307006427581;IT
Filippo;955290471181970;IT
Bryan;879982145363753;IT
Jonathan;10203091922354312;IT
Federico;376761585832140;IT
Brenno;933380533373246;IT
Federica;750901334985050;IT
Matteo;919451458065799;IT
Lorenzo;1468745343360397;IT
Valerio;671328869657203;IT
Matteo;496564213818628;IT
Bianca;796693860396089;IT
Matteo;734962083260904;IT
Davide;773426819395946;IT
Erica;376396772536595;IT
Alessandra;850698875022034;IT
Noemi;871859742854469;IT
Adriano;1564130840483838;IT
Simone;724559804303162;IT
Tommaso;918683634831946;IT
Francesco;657682314344794;IT
Silvia;663098587139327;IT
Giacomo;934668143227473;IT
Manfre;886185074744622;IT
Anna;767816406620843;IT
Edoardo;721437311266604;IT
Francesco;728557193879292;IT
Pietro;641946689247427;IT
Giorgio;786289028085001;IT
Martina;970811142943193;IT
Giorgia;1032031226824810;IT
Veronica;10204062393659627;IT
Alessia;825932924146149;IT
Laura;624851494286062;IT
Giacomo;676494625781748;IT
Luca;10204324749300842;IT
Ilaria;824948744240548;IT
Tomaso;807661929308157;IT
Laura;834408456635989;IT
Alice;10203377812831623;IT
Filippo;962581403760623;IT
Alvise;604527432992150;IT
Alessandra;1500990546784463;IT
Davide;637187536354814;IT
Lorenzo;859135094145839;IT
Alessia;776139052462770;IT
Nina;803959599672491;IT
Massimiliano;930903756949174;IT
Marco;925115794205130;IT
Chiara;860825633981016;IT
Eleonora;814089445302516;IT
Costanza;897995380222518;IT
Natalia;735633716554143;IT
Diletta;834909329889995;IT
Federica;653317318036951;IT
Clara;10204278424912776;IT
Giulia;543224285781571;IT
Luca;1519592994934599;IT
Pietro;10205103917335685;IT
Tommaso;701991889910633;IT
Aiman;999333230095370;IT
Pietro;806733466088169;IT
Enrico;807472342680387;IT
Simone;10203787396239453;IT
Carlo;10204081931433434;IT
Gaia;669174766525304;IT
Salvatore;534146863392188;IT
Francesca;781947735191983;IT
Erica;338131939671909;IT
Marika;930720160313839;IT
Martin;741485652600756;IT
Yuri;864375036946707;IT
Silvia;901814919876099;IT
Alessia;10204009217534256;IT
Saverio;10206218962102126;IT
Simone;10205225071819219;IT
Priscilla;10205171767086743;IT
Federico;916699941684099;IT
Federico;759635314130257;IT
Mattia;897955656931126;IT
Arianna;10205549495109313;IT
Lorenz;10205806865191559;IT
Gabriele;564102617040038;IT
Francesco;803301653079230;IT
Pietro;842281695817765;IT
Andrea;922910184428651;IT
Alessandro;797298820319273;IT
Matteo;798136383608772;IT
Matteo;863667693678827;IT
Giorgia;497589763704771;IT
Lorenzo;870618689671942;IT
Giorgio;859689577427647;IT
Federico;10203702051980334;IT
Steven;732282100170510;IT
Giulia;760371347356145;IT
Francesca;814789811939198;IT
Marina;807293136028423;IT
Giacomo;10203934897923490;IT
Alessandra;10205971960366399;IT
Rachele;10205199140450631;IT
Alice;10202586877406379;IT
Riccardo;10206403188384406;IT
Riccardo;432242593605777;IT
Luca;1034037703288550;IT
Luca;10206542991483705;IT
Marco;669660456485199;IT
Marta;561770597299690;IT
Jacopo;875634292447470;IT
Flavio;10204345751421795;IT
Paola;879994535373343;IT
Martina;10203973679960180;IT
Matteo;10206734896798815;IT
Cecilia;10205916269046919;IT
Tommaso;828401380531713;IT
Paolo;10205996615025032;IT
Carolina;10200303259142317;IT
Daniela;10206309376393953;IT
Sofia;1083180441708743;IT
Laura;10206067505597306;IT
Florinda;965701576782677;IT
Tommaso;1036279946387883;IT
Francesca;10205197860460118;IT
Fulvia;10203122803981557;IT
Stefano;784877274891447;IT
Cecilia;827749983929569;IT
Edoardo;10205075006426197;IT
Emanuela;10205415958832029;IT
Sofia;10205075701305286;IT
Elisa;10204261556290910;IT
Luca;874827835921439;IT
Stefania;963718073668693;IT
Alberto;845628892142940;IT
Virginia;660898940689575;IT
Edoardo;941329685879182;IT
Carlo;10203950934549708;IT
Alessandra;880541915322070;IT
Giacomo;4739006128794;IT
Alberto;808306159255801;IT
Giacomo;10205942963757481;IT
Margherita;10203409582744586;IT
Ludovica;773360372720444;IT
Martina;10203292566709447;IT
Antonio;10203808267720015;IT
Elena;875937212468512;IT
Alessandro;944439985577334;IT
Enrico;844354372253922;IT
Andrea;10202983227840372;IT
Lavinia;10206255520617526;IT
Pietro;10202820398342290;IT
Silvia;876034899124882;IT
Elena;792666240802624;IT
Angelica;635993093187162;IT
Chiara;955235534501256;IT
Niccolò;10205016899695125;IT
Andrea;893935890626054;IT
Margherita;1034440379917422;IT
Claudia;10204857935880135;IT
Federico;633945410045702;IT
Drome;954036771275233;IT
Marco;791097584291174;IT
Francesca;765269453580114;IT
Luca;10204015279602161;IT
Giulia;1069208706439711;IT
Mattia;10203219887292094;IT
Loredana;1518849161702346;IT
Alessandra;654226294681395;IT
Laura;990657767618967;IT
Camilla;827633743957798;IT
Giulia;921274937914987;IT
Eleonora;537089523097389;IT
Laura;738898416169533;IT
Francesca;817300211678514;IT
Jacopo;814542038624953;IT
Luca;742247369193130;IT
Elizabeth;507138226075342;IT
Micol;406057489552281;IT
Andrea;517001631771734;IT
Enrico;433730100126004;IT
Kora;809371352473139;IT
Giacomo;586339251508245;IT
Lucrezia;877543688976704;IT
Federico;651389698298204;IT
Patrick;851909388218542;IT
Isabella;748528978569044;IT